rank,Youtuber,subscribers,video views,video count,category
1,MrBeast,"291,000,000","53,092,894,732",803,Entertainment
2,T-Series,"268,000,000","259,258,211,055","21,280",Music
3,YouTube Movies,"181,000,000",0,0,Film & Animation
4,Cocomelon - Nursery Rhymes,"177,000,000","182,880,824,642","1,194",Education
5,SET India,"174,000,000","165,774,163,058","140,318",Shows
6,â¿ Kids Diana Show,"123,000,000","104,040,819,679","1,231",People & Blogs
7,Music,"121,000,000",0,0,
8,Vlad and Niki,"120,000,000","91,759,608,217",731,Entertainment
9,Like Nastya,"117,000,000","101,603,814,547",887,People & Blogs
10,PewDiePie,"111,000,000","29,328,492,619","4,770",Gaming
11,Zee Music Company,"108,000,000","67,399,922,897","11,440",Music
12,WWE,"102,000,000","85,602,009,747","77,193",Sports
13,Goldmines,"97,700,000","29,240,728,832","8,659",Film & Animation
14,BLACKPINK,"94,100,000","36,021,960,664",597,People & Blogs
15,Sony SAB,"93,300,000","116,238,964,768","86,850",Shows
16,Gaming,"93,200,000",0,0,
17,ChuChu TV Nursery Rhymes & Kids Songs,"91,600,000","51,305,656,343",801,Education
18,Zee TV,"81,400,000","91,006,787,229","178,386",Entertainment
19,5-Minute Crafts,"80,700,000","27,455,627,745","7,087",Howto & Style
20,BANGTANTV,"78,400,000","22,968,911,487","2,515",Music
21,Baby Shark - Pinkfong Kidsâ Songs & Stories,"75,700,000","44,257,239,905","3,252",Education
22,HYBE LABELS,"75,200,000","34,632,608,242","1,902",Music
23,Sports,"74,800,000",0,0,
24,Colors TV,"73,600,000","71,641,796,299","154,454",Shows
25,Justin Bieber,"73,100,000","32,634,888,190",249,Music
26,Stokes Twins,"71,200,000","10,113,014,895",309,People & Blogs
27,Shemaroo Filmi Gaane,"68,700,000","29,441,166,518","8,617",Music
28,T-Series Bhakti Sagar,"68,100,000","34,260,974,230","28,136",Music
29,Canal KondZilla,"67,200,000","38,347,695,327","2,819",Music
30,Tips Official,"66,700,000","39,279,328,818","5,947",Music
31,Aaj Tak,"65,700,000","32,333,915,976","370,683",News & Politics
32,El Reino Infantil,"64,700,000","60,919,707,099","1,492",Music
33,Infobells - Hindi,"62,800,000","36,438,515,161",681,Education
34,Wave Music,"62,200,000","42,873,251,322","20,213",Music
35,Movieclips,"61,600,000","62,427,428,464","40,741",Film & Animation
36,Sony Music India,"60,800,000","32,233,531,039","4,767",Music
37,EminemMusic,"60,700,000","30,036,530,673",166,Music
38,YRF,"60,400,000","41,487,584,841","4,123",Film & Animation
39,Dude Perfect,"60,300,000","17,514,225,371",439,Sports
40,Taylor Swift,"59,400,000","35,440,261,917",269,Music
41,ZAMZAM ELECTRONICS TRADING,"58,800,000","27,198,751,832","17,792",People & Blogs
42,Toys and Colors,"57,900,000","67,162,901,300","1,258",Entertainment
43,Marshmello,"57,200,000","15,902,479,982",487,Entertainment
44,LooLoo Kids - Nursery Rhymes and Children's Songs,"57,100,000","34,798,159,048",854,Music
45,A4,"57,100,000","29,190,272,450",923,Gaming
46,BillionSurpriseToys  - Nursery Rhymes & Cartoons,"56,900,000","11,673,410,700","1,069",Education
47,HAR PAL GEO,"55,500,000","54,683,926,743","135,573",Entertainment
48,Ed Sheeran,"54,800,000","32,437,895,947",507,Music
49,PANDA BOI,"54,800,000","24,475,508,895","1,102",Entertainment
50,Ariana Grande,"54,300,000","26,209,779,791",197,Music
51,ARY Digital HD,"54,300,000","51,705,023,498","140,869",Entertainment
52,Mark Rober,"53,900,000","6,506,881,824",158,Science & Technology
53,Shemaroo,"53,800,000","24,680,630,641","12,419",Entertainment
54,Fede Vigevani,"52,400,000","14,520,459,372","1,336",Howto & Style
55,Billie Eilish,"52,100,000","16,049,344,873",125,Music
56,Get Movies,"51,400,000","33,141,213,569","3,520",Entertainment
57,KL BRO Biju Rithvik,"51,200,000","41,109,027,068","2,567",Entertainment
58,SonyMusicIndiaVEVO,"50,800,000","31,222,158,601","3,748",Music
59,Mikecrack,"50,600,000","18,663,675,041","2,043",Gaming
60,JuegaGerman,"50,300,000","15,513,182,758","2,183",Gaming
61,YOLO AVENTURAS,"50,100,000","16,463,499,433","2,400",People & Blogs
62,Jess No Limit,"49,900,000","6,536,345,589","2,956",Entertainment
63,à¤à¤à¤¾à¤°à¥à¤¯ à¤ªà¥à¤°à¤¶à¤¾à¤¨à¥à¤¤ - Acharya Prashant,"49,600,000","2,700,604,537","10,506",
64,ÐÐ°ÑÐ° Ð¸ ÐÐµÐ´Ð²ÐµÐ´Ñ,"48,700,000","40,508,415,727","1,728",Film & Animation
65,Masha and The Bear,"48,400,000","28,485,255,788","1,455",Shows
66,ABS-CBN Entertainment,"48,400,000","55,095,533,698","227,805",People & Blogs
67,BETER BÃCÃK,"47,900,000","28,661,989,573","4,810",Gaming
68,Bad Bunny,"47,900,000","35,362,414,855",155,Music
69,Voot Kids,"47,600,000","22,856,074,597","5,918",Entertainment
70,Fernanfloo,"47,500,000","10,610,723,204",546,Gaming
71,Badabun,"47,400,000","19,772,255,024","22,073",Entertainment
72,Alan Chikin Chow,"47,000,000","40,709,696,724","1,249",Comedy
73,Felipe Neto,"46,400,000","17,732,870,101","4,941",Entertainment
74,Shakira,"46,300,000","30,347,249,853",358,People & Blogs
75,Ricis Official,"46,300,000","7,786,094,884","4,434",People & Blogs
76,Alan Walker,"45,600,000","14,258,353,183",586,Music
77,VocÃª Sabia?,"45,500,000","8,068,332,713","1,688",Entertainment
78,Ishtar Music,"45,500,000","19,474,774,870","4,628",Trailers
79,Kimberly Loaiza,"45,200,000","6,610,721,301",316,People & Blogs
80,Katy Perry,"45,100,000","26,798,028,090",144,Music
81,shfa2 - Ø´ÙØ§,"44,700,000","27,838,984,319","1,770",People & Blogs
82,whinderssonnunes,"44,700,000","4,525,189,693",783,Comedy
83,BRIGHT SIDE,"44,600,000","11,171,783,610","8,090",Howto & Style
84,LUCCAS NETO - LUCCAS TOON,"44,400,000","25,556,958,754","2,765",People & Blogs
85,MrBeast Gaming,"44,300,000","7,944,702,679",141,Gaming
86,StarPlus,"44,200,000","44,481,476,325","91,270",Entertainment
87,Speed Records,"44,200,000","29,070,837,738","11,533",Music
88,ABP NEWS,"44,000,000","17,435,032,188","385,815",People & Blogs
89,HolaSoyGerman.,"43,900,000","4,893,353,076",136,Entertainment
90,MrBeast 2,"43,400,000","6,787,865,362",114,People & Blogs
91,Like Nastya Show,"43,400,000","20,546,329,867",715,Entertainment
92,shfa,"43,400,000","25,296,478,846","1,129",People & Blogs
93,Rihanna,"43,300,000","24,335,682,178",88,Entertainment
94,Sony PAL,"43,200,000","33,014,779,352","28,635",Shows
95,Luisito Comunica,"42,900,000","9,805,106,335","1,363",Comedy
96,Maria Clara & JP,"42,900,000","27,949,471,314",826,People & Blogs
97,DaFuq!?Boom!,"42,500,000","16,835,482,418",296,Film & Animation
98,Goldmines Gaane Sune Ansune,"42,400,000","19,110,166,918","3,818",Music
99,Real fools shorts official,"42,300,000","18,415,561,976",571,People & Blogs
100,Total Gaming,"42,200,000","4,276,753,550",503,Gaming
101,CarryMinati,"42,200,000","3,784,167,630",197,Comedy
102,Alejo Igoa,"42,200,000","17,251,500,103","1,078",Comedy
103,Super Simple Songs - Kids Songs,"42,000,000","51,084,188,805",794,Education
104,IndiaTV,"41,900,000","20,517,655,107","307,265",News & Politics
105,Dushyant kukreja,"41,900,000","25,506,333,881","1,204",Entertainment
106,ê¹íë¡KIMPRO,"41,600,000","40,209,851,264","3,234",People & Blogs
107,Saregama Music,"41,500,000","19,792,757,838","8,850",Entertainment
108,TheDonato,"41,100,000","7,580,831,240","3,528",Entertainment
109,Genevieve's Playhouse - Learning Videos for Kids,"41,100,000","30,980,464,151",642,Education
110,PowerKids TV,"41,100,000","21,804,710,085","8,161",Film & Animation
111,WorkpointOfficial,"41,100,000","38,624,475,301","85,224",Entertainment
112,Little Baby Bum - Nursery Rhymes & Kids Songs,"41,000,000","40,511,633,246","2,670",Education
113,T-Series Bollywood Classics,"41,000,000","26,793,964,904","2,061",Music
114,TEDx Talks,"41,000,000","7,918,138,555","218,179",Nonprofits & Activism
115,GR6 EXPLODE,"40,900,000","28,306,680,542","3,380",Music
116,Techno Gamerz,"40,900,000","11,885,843,855","1,041",Gaming
117,Shorts Break,"40,700,000","28,104,353,168",626,Comedy
118,YouTube,"40,700,000","2,882,136,109",731,News & Politics
119,Vlad vÃ  Niki,"40,600,000","25,675,246,098",605,
120,XXXTENTACION,"40,500,000","11,072,517,534",135,Music
121,à¸à¹à¸­à¸ one31,"40,500,000","28,522,221,008","145,944",Entertainment
122,MR. INDIAN HACKER,"40,400,000","7,079,456,488","1,032",Science & Technology
123,Like Nastya ESP,"40,400,000","20,049,219,610",857,Entertainment
124,elrubiusOMG,"40,300,000","7,451,356,511",702,Gaming
125,Ultra Bollywood,"40,200,000","16,094,340,716","9,416",Trailers
126,La Granja de ZenÃ³n,"40,100,000","31,423,820,852",750,Music
127,AboFlah,"40,100,000","5,934,787,857",709,Gaming
128,HUM TV,"39,800,000","33,667,953,289","144,253",Entertainment
129,Jingle Toons,"39,600,000","13,103,649,771",254,Film & Animation
130,Daddy Yankee,"39,000,000","24,619,906,597",559,Music
131,Frost Diamond,"38,800,000","9,437,121,568","3,380",Gaming
132,Akshay Nagwadiya,"38,800,000","12,311,444,023",913,Entertainment
133,Alfredo Larin,"38,600,000","30,801,689,727","1,784",Entertainment
134,One Direction,"38,600,000","14,338,673,594",157,Music
135,LankyBox,"38,400,000","43,534,488,107","11,729",Comedy
136,TheEllenShow,"38,200,000","23,182,995,706","16,966",Entertainment
137,Bruno Mars,"38,100,000","21,239,189,125",100,Music
138,Jkk Entertainment,"37,900,000","16,971,975,208",237,Comedy
139,Gulshan Kalra,"37,300,000","16,601,391,548",672,Howto & Style
140,Ryan's World,"37,200,000","57,785,148,642","2,839",Entertainment
141,Maroon 5,"37,000,000","24,103,378,959",183,Music
142,BabyBus - Kids Songs and Cartoons,"37,000,000","28,918,031,266","2,455",Education
143,Ozuna,"36,900,000","24,955,636,109",233,Music
144,WowKidz,"36,800,000","19,689,537,253","8,103",Film & Animation
145,T-Series Apna Punjab,"36,800,000","23,792,882,720","8,574",Music
146,Markiplier,"36,700,000","21,545,464,886","5,606",Gaming
147,KAROL G,"36,600,000","24,126,232,593",161,Music
148,Enaldinho,"36,600,000","15,829,369,055","4,345",Comedy
149,Junya.ãããã,"36,500,000","21,997,287,918","8,343",Entertainment
150,Rajshri,"36,400,000","16,677,735,237","4,433",Music
151,Heroindori,"36,300,000","13,114,305,862",663,Comedy
152,Zee News,"36,200,000","21,681,244,076","177,410",News & Politics
153,News,"36,100,000",0,0,
154,CVS 3D Rhymes & Kids Songs,"36,000,000","21,931,716,421",338,Education
155,Galinha Pintadinha,"36,000,000","32,735,174,514",65,Film & Animation
156,LeoNata Family,"35,700,000","38,040,085,579","3,384",People & Blogs
157,Diana and Roma ESP,"35,700,000","14,690,335,174",666,
158,Zhong,"35,600,000","16,957,652,816","1,748",Entertainment
159,GMA  Network,"35,600,000","27,575,746,685","140,512",Entertainment
160,Peppa Pig - Official Channel,"35,600,000","26,092,146,750","6,685",Film & Animation
161,Lucas and Marcus,"35,400,000","14,493,282,917","1,803",Entertainment
162,Priyal Kukreja,"35,300,000","21,323,998,732","1,082",People & Blogs
163,Geet MP3,"35,300,000","13,780,792,956",740,Music
164,The Weeknd,"35,300,000","27,429,571,118",172,Music
165,Spider Slack,"35,200,000","19,738,998,391","1,254",Comedy
166,â Kids Roma Show,"35,200,000","14,169,803,380",718,People & Blogs
167,Zach King,"35,100,000","13,829,942,214",651,Entertainment
168,Juan De Dios Pantoja,"35,000,000","4,041,329,901",397,Entertainment
169,Ch3Thailand,"35,000,000","22,908,612,538","79,860",Entertainment
170,Worldwide Records Bhojpuri,"34,900,000","18,224,915,329","7,221",Music
171,DisneyMusicVEVO,"34,900,000","32,189,781,207","2,361",Music
172,Anaya Kandhal,"34,700,000","29,950,695,612","1,417",Entertainment
173,Selena Gomez,"34,600,000","14,136,172,748",193,Film & Animation
174,SSSniperWolf,"34,500,000","25,144,655,975","3,595",Gaming
175,J Balvin,"34,400,000","24,243,577,307",217,Music
176,tuzelity SHUFFLE,"34,400,000","14,002,763,381","1,070",People & Blogs
177,Dangal TV Channel,"34,300,000","23,485,818,568","31,944",Entertainment
178,Jason Derulo,"34,100,000","24,799,943,478","3,226",Music
179,VEGETTA777,"34,100,000","15,805,387,668","7,998",Gaming
180,Eros Now Music,"34,100,000","17,792,449,874","9,733",Entertainment
181,Beast Reacts,"34,000,000","6,129,393,142",238,People & Blogs
182,Masha y el Oso,"34,000,000","16,696,936,818","1,356",Film & Animation
183,Desi Music Factory,"33,900,000","10,634,874,175",193,Music
184,KHANDESHI MOVIES,"33,800,000","11,734,701,965",235,Comedy
185,NoCopyrightSounds,"33,700,000","11,162,345,027","1,695",Music
186,mujjuu___14,"33,600,000","18,819,079,425","1,090",People & Blogs
187,rezendeevil,"33,500,000","13,486,714,710","12,187",Gaming
188,ISSEI / ãã£ãã,"33,500,000","28,618,777,941","2,780",Comedy
189,Mr Bean,"33,400,000","11,244,899,728","3,509",Shows
190,Round2hell,"33,400,000","3,431,356,506",68,Comedy
191,Marta and Rustam,"33,400,000","27,943,140,799","1,113",Comedy
192,unknown boy varun,"33,000,000","13,356,308,350",712,Music
193,Aditya Movies,"33,000,000","12,755,263,229","7,848",Movies
194,à¤µà¥à¤²à¤¾à¤¦ à¤à¤° à¤¨à¤¿à¤à¤¿à¤¤à¤¾,"32,900,000","19,263,905,618",623,
195,Celine Dept,"32,900,000","18,182,706,761",808,Sports
196,PokÃ©mon Asia Official (Hindi),"32,800,000","1,705,368,313",319,People & Blogs
197,DONA ëë,"32,800,000","22,357,194,142",174,Entertainment
198,Topper Guild,"32,700,000","19,147,848,644",999,Comedy
199,Shemaroo Movies,"32,700,000","9,005,780,268","3,407",Entertainment
200,Ian Lucas,"32,500,000","3,527,898,780",467,Entertainment
201,SMTOWN,"32,500,000","29,632,283,788","4,372",Music
202,Aditya Music,"32,300,000","30,083,270,402","23,794",Music
203,Willie Salim,"32,200,000","5,293,154,390",951,People & Blogs
204,Little Angel: Nursery Rhymes & Kids Songs,"32,000,000","24,351,375,493","1,550",Education
205,infobells - Telugu,"32,000,000","17,368,560,234",607,Education
206,That Little Puff,"32,000,000","26,781,949,374",933,Pets & Animals
207,Dream,"31,900,000","3,121,800,368",116,Gaming
208,GENIAL,"31,900,000","6,986,316,371","8,288",Howto & Style
209,Sagawa /ããã,"31,800,000","25,362,851,488","8,557",Entertainment
210,Talking Tom,"31,800,000","16,264,381,808",659,Comedy
211,infobells - Tamil,"31,800,000","19,854,748,045",657,Education
212,Brent Rivera,"31,800,000","8,644,111,300",665,Comedy
213,Luis Fonsi,"31,800,000","15,786,019,512",302,Entertainment
214,ImagineDragons,"31,700,000","18,902,105,503",148,Music
215,Goldmines Dishoom,"31,700,000","9,817,451,950","4,925",Film & Animation
216,The Tonight Show Starring Jimmy Fallon,"31,700,000","17,681,856,652","10,394",Comedy
217,Tilak,"31,600,000","12,687,433,728","10,164",Film & Animation
218,ÙÙØ§Ø© Ø·ÙÙØ± Ø§ÙØ¬ÙØ© | toyoraljanahtv,"31,600,000","29,036,441,935","3,344",Entertainment
219,MaviGadget,"31,600,000","28,568,756,058","5,057",Entertainment
220,NichLmao,"31,500,000","17,182,861,379","1,075",People & Blogs
221,Karla Bustillos,"31,400,000","8,109,183,525","1,151",Entertainment
222,JustinBieberVEVO,"31,400,000","27,858,029,583",204,Music
223,AH,"31,400,000","5,220,787,325","4,037",Entertainment
224,Adele,"31,300,000","15,753,138,954",15,Music
225,BeatboxJCOP,"31,300,000","14,015,562,174",988,Film & Animation
226,Spinnin' Records,"31,200,000","20,818,564,040","12,272",Music
227,Ishaan Ali 11,"31,000,000","18,039,555,919","1,314",People & Blogs
228,Indosiar,"31,000,000","6,164,159,865","7,893",Music
229,Goldmines Bollywood,"30,900,000","10,110,894,717","4,778",Film & Animation
230,Chotanawab,"30,700,000","14,107,492,947","2,082",Entertainment
231,Boram Tube Vlog [ë³´ëíë¸ ë¸ì´ë¡ê·¸],"30,700,000","13,781,155,878",233,Entertainment
232,Daniel LaBelle,"30,700,000","17,221,714,990",338,Comedy
233,Ultra Records,"30,700,000","17,672,318,149","5,082",Music
234,jacksepticeye,"30,700,000","16,796,628,781","5,201",Gaming
235,Tsuriki Show,"30,600,000","38,148,039,265","4,054",Entertainment
236,Crazy XYZ,"30,600,000","9,000,651,505","1,362",Entertainment
237,Michael Jackson,"30,500,000","16,028,438,175",17,Music
238,Hamster Kombat,"30,400,000","520,642,040",140,People & Blogs
239,D Billions,"30,400,000","39,105,079,931","1,070",Entertainment
240,Azhan5star,"30,400,000","12,517,987,119",898,Entertainment
241,ashish chanchlani vines,"30,400,000","4,773,067,244",157,Comedy
242,Trap Nation,"30,300,000","14,466,762,942","2,886",Music
243,Nick Jr.,"30,200,000","24,124,519,009","5,505",Film & Animation
244,Shawn Mendes,"30,200,000","13,709,417,105",133,Music
245,Drake,"30,000,000","17,891,064,240",64,Music
246,Maluma,"30,000,000","23,147,809,760",46,Music
247,The Lallantop,"30,000,000","12,663,329,356","56,488",News & Politics
248,Kids TV - Nursery Rhymes And Baby Songs,"29,900,000","14,726,273,619","4,095",Shows
249,Mr DegrEE,"29,900,000","26,157,490,241","1,700",Science & Technology
250,Yoeslan,"29,700,000","26,602,134,254","1,013",Entertainment
251,Bounce Patrol - Kids Songs,"29,600,000","22,710,439,578",378,Music
252,JYP Entertainment,"29,300,000","22,668,224,792","2,110",Music
253,toycantando,"29,200,000","17,703,924,735",805,Music
254,Ami Rodriguez,"29,100,000","4,817,147,822",631,Entertainment
255,Popular on YouTube,"29,100,000",0,0,
256,AuronPlay,"29,100,000","4,135,015,065",402,Comedy
257,YOLO,"28,800,000","2,167,482,227",296,Comedy
258,DanTDM,"28,800,000","19,857,172,417","3,712",Gaming
259,dednahype,"28,700,000","28,600,894,682","3,143",Comedy
260,Sandeep Maheshwari,"28,500,000","2,440,350,022",636,People & Blogs
261,Wiz Khalifa,"28,500,000","14,271,688,736",747,Music
262,Zach Choi ASMR,"28,500,000","9,598,878,273","1,354",People & Blogs
263,Renato Garcia YT,"28,400,000","8,760,884,728","4,408",Entertainment
264,The Late Late Show with James Corden,"28,400,000","10,141,469,113","5,788",Entertainment
265,Ben Azelart,"28,400,000","6,748,180,582",344,Film & Animation
266,Netflix,"28,400,000","8,555,386,186","7,366",Entertainment
267,America's Got Talent,"28,300,000","4,717,055,894","2,105",Entertainment
268,ABPLIVE,"28,300,000","9,551,967,545","225,286",People & Blogs
269,Sujal Thakral,"28,000,000","5,539,047,565",623,Comedy
270,Raffy Tulfo in Action,"28,000,000","16,367,870,472","11,295",News & Politics
271,Diana and Roma ARA,"27,900,000","12,678,274,848",678,
272,Danny Fitt,"27,900,000","13,050,888,943","2,710",People & Blogs
273,Alan Becker,"27,800,000","6,998,486,731",203,Film & Animation
274,WB Kids,"27,800,000","12,685,633,887","2,275",People & Blogs
275,Sun TV,"27,500,000","29,294,628,805","93,219",People & Blogs
276,Neetu Bisht,"27,400,000","19,844,816,729","2,308",Entertainment
277,enchufetv,"27,400,000","10,712,665,554","2,095",Comedy
278,ZHC,"27,400,000","3,291,565,107",319,Film & Animation
279,Filmy Suraj Actor,"27,400,000","13,067,493,878",324,Entertainment
280,Pen Movies,"27,300,000","8,003,305,159","1,759",Film & Animation
281,Diana and Roma HIN,"27,300,000","12,552,070,748",666,
282,shfa show India,"27,200,000","18,140,625,676",559,
283,ToyPuddingTV,"27,200,000","16,221,164,344","2,415",Entertainment
284,BeyoncÃ©,"27,200,000","18,949,611,452",254,Music
285,Sourav Joshi Vlogs,"27,200,000","12,971,729,180","1,728",People & Blogs
286,Post Malone,"27,100,000","16,471,351,020",116,Music
287,Dan Rhodes,"27,000,000","18,844,606,458","1,664",Entertainment
288,WORLDSTARHIPHOP,"26,900,000","21,096,363,345","7,124",Music
289,Nicki Minaj,"26,900,000","11,255,152,765",72,Music
290,Chris Brown,"26,800,000","17,376,032,740",56,Music
291,Anuel AA,"26,700,000","17,372,718,538",157,Music
292,Smosh,"26,700,000","10,816,307,076","1,861",Comedy
293,_vector_,"26,700,000","18,754,341,110",546,Comedy
294,Vania Mania Kids,"26,700,000","13,001,562,591","1,243",People & Blogs
295,Bobby chourasiya,"26,700,000","13,681,232,812",541,People & Blogs
296,Kidibli (Kinder Spielzeug Kanal),"26,700,000","13,706,788,967","1,196",Entertainment
297,Bayashi TV,"26,700,000","15,698,959,024","1,328",Entertainment
298,Rafa & Luiz,"26,600,000","9,523,420,262","3,560",Entertainment
299,Preston,"26,600,000","10,024,321,399","4,121",Gaming
300,David Guetta,"26,600,000","19,489,890,616",864,Music
301,Diana and Roma EN,"26,500,000","8,766,145,312",599,People & Blogs
302,Ultra Movie Parlour,"26,500,000","5,440,757,806","1,984",Movies
303,Goldmines Movies,"26,500,000","6,593,916,365","5,804",Film & Animation
304,Like Nastya AE,"26,500,000","13,447,008,478",754,Entertainment
305,MarÃ­lia MendonÃ§a,"26,500,000","19,717,328,070",200,Music
306,BigSchool,"26,400,000","11,618,418,233","4,093",Gaming
307,BB Ki Vines,"26,400,000","4,975,878,043",192,Entertainment
308,Vlad and Niki IDN,"26,400,000","12,427,165,806",589,
309,LosPolinesios,"26,400,000","7,973,724,053","1,075",People & Blogs
310,Coldplay,"26,400,000","19,257,939,940",432,Music
311,1MILLION Dance Studio,"26,300,000","8,234,716,740","7,546",Entertainment
312,TRANS7 OFFICIAL,"26,300,000","15,338,465,843","98,199",Entertainment
313,News18 India,"26,300,000","12,651,441,871","262,946",News & Politics
314,Maya and Mary,"26,200,000","7,352,521,099",561,Entertainment
315,Peppa Pig EspaÃ±ol Latino - Canal Oficial,"26,200,000","9,236,646,057","1,587",Film & Animation
316,Rans Entertainment,"26,100,000","6,824,812,264","4,265",People & Blogs
317,Vlad and Niki ESP,"26,000,000","10,648,652,447",607,
318,CaÃ­n GuzmÃ¡n,"25,900,000","13,375,545,387","3,716",Entertainment
319,jaanvi patel,"25,900,000","11,321,847,695",641,People & Blogs
320,FaZe Rug,"25,900,000","8,763,746,022","2,318",Gaming
321,VanossGaming,"25,900,000","16,055,264,513","1,925",Gaming
322,MrBeast en EspaÃ±ol,"25,800,000","3,015,275,967",67,Entertainment
323,LIV Crime,"25,800,000","13,643,916,656","15,514",People & Blogs
324,Venus Entertainment,"25,800,000","6,131,479,541","1,975",Entertainment
325,The geeta gurjar,"25,700,000","20,209,004,676","1,715",Entertainment
326,SMOL,"25,600,000","25,827,891,891","5,446",People & Blogs
327,netd mÃ¼zik,"25,500,000","61,432,952,548","25,736",Music
328,IShowSpeed,"25,500,000","2,561,818,971","1,412",Gaming
329,TaylorSwiftVEVO,"25,500,000","28,427,108,278",307,Music
330,Aja Kitchen,"25,500,000","15,580,598,651","1,928",Entertainment
331,Las Ratitas,"25,400,000","9,902,377,696",225,People & Blogs
332,toyorbabytv,"25,400,000","18,655,206,282","1,301",Music
333,WatchMojo.com,"25,400,000","16,885,536,332","27,245",Music
334,Pawan Sahu,"25,400,000","11,231,660,899","1,931",
335,Chloe Ting,"25,300,000","3,200,767,750",444,Howto & Style
336,BabyBus - Canciones Infantiles & Videos para NiÃ±os,"25,100,000","14,729,324,059","1,509",Education
337,The Royalty Family,"25,000,000","8,172,344,200",779,People & Blogs
338,Filaretiki,"25,000,000","25,240,920,263","3,496",People & Blogs
339,Village Cooking Channel,"25,000,000","7,403,419,004",238,Howto & Style
340,Beast Philanthropy,"25,000,000","827,396,980",43,People & Blogs
341,Chapitosiki,"25,000,000","23,548,219,391","3,864",Entertainment
342,Vlad and Niki Arabic,"24,900,000","11,798,676,205",617,
343,RihannaVEVO,"24,900,000","20,496,238,024",118,Music
344,Koray Zeynep,"24,900,000","23,391,201,177","3,344",People & Blogs
345,Goldmines Cineplex,"24,800,000","3,227,043,137","4,389",Film & Animation
346,BEN EAGLE,"24,800,000","12,235,342,141","4,456",Entertainment
347,1theK (ìëì¼ì´),"24,800,000","25,273,429,361","20,122",Music
348,DUDU e CAROL,"24,700,000","12,503,659,420","3,044",Autos & Vehicles
349,Wave Music Bhojpuri,"24,700,000","14,377,501,297","23,845",Music
350,Yuya,"24,700,000","2,591,921,658",672,Howto & Style
351,Narendra Modi,"24,700,000","5,750,823,159","27,024",News & Politics
352,Miss Katy,"24,700,000","15,677,882,180","1,092",People & Blogs
353,Sidhu Moose Wala,"24,600,000","7,567,332,841",116,Music
354,Valentina Pontes ofc,"24,600,000","8,812,585,217","2,035",Film & Animation
355,TED,"24,600,000","2,729,447,739","4,745",People & Blogs
356,ViralHog,"24,600,000","30,065,952,167","47,045",People & Blogs
357,Enrique Iglesias,"24,600,000","19,059,785,058",525,Music
358,EminemVEVO,"24,600,000","22,154,244,534",106,Music
359,Soy Suco,"24,500,000","4,308,632,345",771,Gaming
360,Mister Max,"24,500,000","16,106,888,088","1,149",People & Blogs
361,KatyPerryVEVO,"24,500,000","24,659,871,827",167,Music
362,Amit Bhadana,"24,400,000","2,482,989,907",120,Entertainment
363,DJ Snake,"24,400,000","9,019,443,750",297,Music
364,Vijay Television,"24,400,000","40,994,198,265","74,743",Entertainment
365,ToRung,"24,300,000","16,228,750,839",291,Entertainment
366,Like Nastya PRT,"24,300,000","13,013,330,938",744,Entertainment
367,Eva Bravo Play,"24,300,000","11,240,110,202",325,Entertainment
368,CuRe êµ¬ë,"24,300,000","16,306,136,690",478,Comedy
369,Unbox Therapy,"24,200,000","4,710,680,978","2,323",Science & Technology
370,invictor,"24,200,000","9,505,671,128","2,607",Gaming
371,Disney LatinoamÃ©rica,"24,200,000","22,333,534,707","8,318",Entertainment
372,GMM GRAMMY OFFICIAL,"24,100,000","27,230,686,599","17,260",Music
373,KSI,"24,100,000","6,015,064,768","1,252",Entertainment
374,Netflix India,"24,100,000","9,985,727,346","4,663",People & Blogs
375,Jake Fellman,"24,100,000","15,364,676,128",441,Entertainment
376,Lady Gaga,"24,100,000","17,265,860,259",179,People & Blogs
377,Ø·Ø§Ø±Ù Ø§ÙØ­ÙØ¨Ù tarik alhalapi,"24,000,000","13,604,285,573","1,164",Entertainment
378,Sony AATH,"24,000,000","17,768,630,359","21,883",Shows
379,SOMOY TV,"24,000,000","16,184,453,505","199,596",News & Politics
380,Collins Key,"24,000,000","6,818,406,552",257,Entertainment
381,Ishtar Punjabi,"24,000,000","11,964,071,073","6,430",Entertainment
382,NickyJamTV,"23,900,000","16,745,620,577",473,Music
383,Troom Troom,"23,900,000","10,372,177,837","2,733",Howto & Style
384,Mariano Razo,"23,900,000","12,235,097,104",812,Entertainment
385,Super JoJo - Nursery Rhymes & Kids Songs,"23,900,000",0,0,
386,Sesame Street,"23,900,000","24,020,511,990","3,735",Entertainment
387,Ninja,"23,800,000","2,676,620,260","2,045",Gaming
388,SSundee,"23,800,000","15,277,630,398","3,539",Gaming
389,James Charles,"23,800,000","4,391,169,675",586,Entertainment
390,deepesh zo,"23,800,000","9,956,982,302",876,People & Blogs
391,Rotana,"23,700,000","22,632,542,791","8,786",Music
392,Nick Pro,"23,700,000","9,325,632,439",730,Sports
393,Jelly,"23,600,000","15,104,472,254","6,453",Gaming
394,Susy Mouriz,"23,600,000","10,144,047,584","1,678",Entertainment
395,Dua Lipa,"23,600,000","13,316,998,881",274,Music
396,Justin Flom,"23,500,000","21,442,239,288",949,Entertainment
397,Logan Paul,"23,500,000","6,008,930,890",718,Entertainment
398,Jordan Matter,"23,500,000","8,196,317,397",467,Entertainment
399,Technical Guruji,"23,500,000","3,697,350,550","5,483",Science & Technology
400,GMA Public  Affairs,"23,500,000","14,851,308,770","47,883",Entertainment
401,Tlnovelas,"23,500,000","17,509,882,815","54,726",News & Politics
402,ì¹ë¹ë Seungbini,"23,400,000","17,364,346,727",477,People & Blogs
403,DrossRotzank,"23,400,000","6,366,470,125","1,702",Entertainment
404,Sia,"23,400,000","14,483,395,240",268,Music
405,7clouds,"23,400,000","18,120,903,392","2,719",Music
406,Taarak Mehta Ka Ooltah Chashmah,"23,400,000","18,134,385,600","10,095",Entertainment
407,FGTeeV,"23,400,000","24,982,042,044","1,830",Gaming
408,Minecraft - Topic,"23,300,000",0,0,
409,Pragati Verma Shorts,"23,300,000","10,067,823,858","1,166",Comedy
410,Khan GS Research Centre,"23,200,000","2,347,250,512",379,Education
411,Wow Kidz Action,"23,200,000","10,055,990,949","3,946",Film & Animation
412,Pink Shirt Girl,"23,200,000","11,816,839,161","1,094",Entertainment
413,National Geographic,"23,200,000","6,036,779,681","10,482",Science & Technology
414,mmoshaya,"23,100,000","18,242,589,183","1,223",People & Blogs
415,Panda Shorts,"23,100,000","10,650,499,835",973,Comedy
416,Younes Zarou,"23,100,000","20,501,868,682","3,268",Entertainment
417,RKD Studios,"23,100,000","5,780,953,005",947,Entertainment
418,Infinite,"23,000,000","5,710,791,380","1,674",Entertainment
419,BabyBus - Cerita & Lagu Anak-anak,"23,000,000","13,700,148,201","1,187",Education
420,Kritika Channel,"23,000,000","17,625,579,831","4,467",People & Blogs
421,DeGoBooM,"22,900,000","7,213,757,925","5,482",Gaming
422,Happy Monkey,"22,900,000","1,868",1,Science & Technology
423,Republic Bharat,"22,900,000","12,449,241,821","174,856",News & Politics
424,Deddy Corbuzier,"22,900,000","6,103,096,570","1,632",Entertainment
425,Goldmines Great Indian Comedy,"22,900,000","6,357,105,413","4,134",Film & Animation
426,Dhruv Rathee,"22,700,000","2,967,172,836",626,Entertainment
427,Paulo Londra,"22,700,000","8,725,587,487",66,Music
428,RubÃ©n Tuesta oficial,"22,700,000","14,030,962,964","1,192",Comedy
429,The Chainsmokers,"22,700,000","15,017,385,756",220,Music
430,ANNA KOVA,"22,700,000","21,337,448,210","3,978",People & Blogs
431,ILYA BORZOV,"22,600,000","14,324,692,797","2,647",People & Blogs
432,Busy Fun Ltd,"22,600,000","9,453,740,206",253,
433,Tappu Honey Parmar,"22,600,000","9,631,256,580","2,234",Music
434,Ajay Sharma,"22,600,000","14,253,830,356","1,191",Entertainment
435,Kurzgesagt â In a Nutshell,"22,500,000","2,812,363,891",235,Education
436,à¤¹à¤¿à¤à¤¦à¥ - Genevieve's Playhouse,"22,500,000","12,192,595,150",120,Education
437,Kiddiestv Hindi - Nursery Rhymes & Kids Songs,"22,500,000","8,109,311,775",262,Education
438,Charlie Puth,"22,500,000","10,915,526,749",163,Music
439,Bispo Bruno Leonardo,"22,400,000","5,581,943,618","6,303",Nonprofits & Activism
440,Triggered Insaan,"22,300,000","4,079,150,442",345,Comedy
441,Tekashi 6ix9ine,"22,200,000","6,349,928,074",61,People & Blogs
442,MiawAug,"22,200,000","6,889,500,159","4,087",Gaming
443,Bizarrap,"22,200,000","9,336,429,579",89,Comedy
444,El Payaso Plim Plim,"22,200,000","24,064,866,442","1,637",Film & Animation
445,Smile Family,"22,100,000","8,885,016,382",753,People & Blogs
446,LazarBeam,"22,100,000","9,439,248,586","1,341",Gaming
447,Lyrical Lemonade,"22,100,000","11,464,369,812",443,Entertainment
448,Dhar Mann Studios,"22,100,000","14,916,049,889","1,312",People & Blogs
449,Ninja Kidz TV,"22,000,000","12,274,343,037",326,Entertainment
450,Ravi sagar88,"22,000,000","8,966,118,518","1,941",Entertainment
451,Nasya Official,"22,000,000","11,323,506,734",944,
452,Prime Video India,"22,000,000","11,583,328,584","10,346",Entertainment
453,Becky G,"21,900,000","11,653,165,841",90,Music
454,GH'S,"21,900,000","16,700,015,646",866,Gaming
455,NBA,"21,900,000","14,144,650,140","58,532",Sports
456,Fatos Desconhecidos,"21,900,000","4,204,593,832","7,102",Entertainment
457,Vsauce,"21,900,000","4,229,433,440",538,Science & Technology
458,News 24,"21,900,000","11,552,160,912","298,345",News & Politics
459,How Ridiculous,"21,900,000","12,674,155,050",723,Sports
460,And TV,"21,800,000","19,391,800,165","49,285",Entertainment
461,the Ludo facts,"21,800,000","5,019,437,784","1,292",
462,Romeo Santos,"21,700,000","19,282,604,430",56,Music
463,OneDirectionVEVO,"21,700,000","12,661,120,582",266,Music
464,Yudist Ardhana,"21,700,000","8,723,589,739","4,020",Entertainment
465,BigChungus,"21,500,000","4,163,485,090",698,Entertainment
466,Naisa Alifia Yuriza (N.A.Y),"21,500,000","508,578,139",180,People & Blogs
467,Chuster,"21,500,000","3,746,413,989",893,Entertainment
468,XO TEAM,"21,500,000","18,270,658,133","5,564",People & Blogs
469,Linkin Park,"21,400,000","15,256,873,326",808,Music
470,Brave Wilderness,"21,400,000","5,153,860,107","1,014",Pets & Animals
471,Baim Paula,"21,400,000","4,661,238,336","2,475",People & Blogs
472,Tasty,"21,400,000","6,148,834,796","5,382",Howto & Style
473,CookieSwirlC,"21,300,000","8,477,107,357","1,388",Entertainment
474,Natan por AÃ­,"21,300,000","14,713,497,911","1,538",Sports
475,Mau McMahon,"21,300,000","4,785,684,302",889,Entertainment
476,MSA previously My Story Animated,"21,300,000","10,029,928,057",915,Film & Animation
477,Sidemen,"21,300,000","6,268,064,255",361,Entertainment
478,Noman Official,"21,300,000","7,302,667,167",835,Comedy
479,JosÃ© ComilÃ£o,"21,200,000","2,186,070,350",296,Film & Animation
480,Dr. Vivek Bindra: Motivational Speaker,"21,200,000","1,948,152,206","1,361",Education
481,Emiway Bantai,"21,200,000","3,923,245,813",266,Music
482,Masha e o Urso,"21,100,000","9,560,242,957","1,371",Shows
483,etvteluguindia,"21,100,000","25,998,616,602","142,162",Entertainment
484,Official Pink Panther,"21,100,000","11,928,656,283",815,Film & Animation
485,Ø´Ø¨ÙØ© Ø§ÙØ¹Ø§Ø¨ Ø§ÙØ¹Ø±Ø¨ | Arab Games Network,"21,100,000","9,563,784,576","7,281",Gaming
486,FIFA,"21,100,000","6,609,332,703","11,353",Sports
487,Mnet K-POP,"21,000,000","16,441,159,208","38,123",Entertainment
488,Robin Hood Gamer,"21,000,000","11,052,076,492","4,325",Entertainment
489,ÐÐÐÐÐ¢,"21,000,000","3,317,450,742",602,People & Blogs
490,Green Gold TV - Official Channel,"21,000,000","10,140,431,117","1,842",Film & Animation
491,Avicii,"21,000,000","11,010,943,271",179,Music
492,Salman Noman,"20,900,000","12,181,292,102","1,064",Entertainment
493,Aphmau,"20,900,000","22,572,991,877","4,963",Gaming
494,DLS News,"20,900,000","2,767,114,193","5,746",News & Politics
495,Noor Stars,"20,900,000","2,952,439,040",712,Comedy
496,SCTV,"20,900,000","8,575,734,445","42,876",Entertainment
497,Kajal Soni,"20,900,000","9,102,866,896","1,020",People & Blogs
498,Bebefinn - Nursery Rhymes & Kids Songs,"20,900,000","9,948,498,148",540,
499,nigahiga,"20,900,000","4,397,502,122",403,Entertainment
500,Canal Canalha,"20,800,000","1,915,969,967",302,Comedy
501,Got Talent Global,"20,800,000","2,610,310,060","1,445",Entertainment
502,SlivkiShow,"20,800,000","5,018,309,363",487,Entertainment
503,Gusttavo Lima Oficial,"20,800,000","15,959,379,589",596,Music
504,SUPER SLICK SLIME SAM,"20,700,000","8,334,025,734","1,198",Howto & Style
505,Gordon Ramsay,"20,700,000","4,153,812,852","1,738",Entertainment
506,Jake Paul,"20,700,000","7,604,098,609","1,345",People & Blogs
507,Like Nastya Vlog,"20,700,000","9,459,410,456",612,People & Blogs
508,boxtoxtv,"20,700,000","15,587,684,728","1,254",Comedy
509,Smile Family Spanish,"20,600,000","7,667,711,507",570,
510,Clash of Clans,"20,600,000","4,576,095,780",884,Gaming
511,Vijay Kumar Viner Vlogs,"20,600,000","10,526,953,085","2,082",Entertainment
512,Tibo InShape,"20,600,000","13,729,840,873","3,280",Sports
513,SatoshiSea,"20,500,000","2,477,379",5,
514,5-Minute Crafts DIY,"20,500,000","5,166,438,808","6,161",Howto & Style
515,Marvel Entertainment,"20,500,000","6,001,983,998","8,971",Entertainment
516,Britain's Got Talent,"20,400,000","11,794,143,606","4,675",Entertainment
517,TV9 Bharatvarsh,"20,400,000","14,313,103,956","387,195",People & Blogs
518,albert_cancook,"20,400,000","14,849,309,656",715,Howto & Style
519,vlogger varun,"20,300,000","7,547,059,466",598,Entertainment
520,Little Angel EspaÃ±ol - Canciones Infantiles,"20,300,000","11,277,883,309",928,Education
521,Troom Troom Es,"20,300,000","7,694,787,662","3,162",People & Blogs
522,AS Gaming,"20,300,000","3,044,271,737","1,476",Gaming
523,Skrillex,"20,300,000","6,883,399,569",250,Music
524,Pentatonix,"20,200,000","6,317,025,113",286,Music
525,Shemaroo Comedy,"20,200,000","6,779,924,598","5,347",Entertainment
526,tabii Urdu,"20,200,000","9,920,402,312","1,951",Entertainment
527,Blippi - Educational Videos for Kids,"20,100,000","14,769,835,913",961,Education
528,5-Minute Crafts PLAY,"20,100,000","6,410,717,141","6,491",Howto & Style
529,TED-Ed,"20,100,000","3,974,989,895","2,170",Education
530,AuthenticGames,"20,100,000","8,958,579,368","5,093",Gaming
531,scottsreality,"20,100,000","26,528,489,399","1,834",Entertainment
532,Saito,"20,000,000","19,758,225,710","5,620",Entertainment
533,Painzeiro,"20,000,000","3,583,571,997","1,246",People & Blogs
534,BuzzFeedVideo,"20,000,000","18,031,571,234","7,902",People & Blogs
535,REACT,"20,000,000","13,427,669,209","4,952",Entertainment
536,Peet Montzingo,"20,000,000","14,711,252,270",432,People & Blogs
537,Vevo,"20,000,000","575,733,392","1,731",Music
538,GOLU008,"20,000,000","8,730,875,064","1,077",People & Blogs
539,Pencilmation,"20,000,000","11,507,523,021","1,680",Film & Animation
540,Turma da MÃ´nica,"20,000,000","13,192,520,898","1,149",Film & Animation
541,SonyMusicSouthVEVO,"20,000,000","21,078,317,790","6,315",Music
542,Les' Copaque Production,"19,900,000","10,518,806,113","2,061",Film & Animation
543,ÐÐ¾Ð·Ð½Ð°Ð²Ð°ÑÐµÐ»Ñ,"19,900,000","10,341,420,687",522,Entertainment
544,Jason Vlogs,"19,900,000","11,553,986,182",938,Education
545,Family GamesTV,"19,900,000","1,471",1,Entertainment
546,Matheus Kriwat,"19,800,000","3,194,842,257",842,Entertainment
547,Like Nastya VNM,"19,800,000","11,172,299,842",694,Entertainment
548,GRAMMY GOLD OFFICIAL,"19,800,000","22,214,909,935","7,189",Music
549,Vilmei,"19,800,000","5,970,070,144","2,383",
550,Sonotek,"19,800,000","7,974,033,906","8,373",Entertainment
551,Fun For Kids TV - Hindi Rhymes,"19,800,000","8,809,720,251",195,Entertainment
552,La Granja del Borrego,"19,800,000","3,973,363,239",384,Pets & Animals
553,TheOdd1sOut,"19,800,000","4,966,733,496",155,Comedy
554,æå­æ Liziqi,"19,700,000","3,182,281,938",128,Howto & Style
555,Disney Junior,"19,700,000","19,205,460,931","4,781",Entertainment
556,KBS WORLD TV,"19,700,000","16,367,896,655","71,084",Entertainment
557,Cute.Shivani.05,"19,700,000","7,144,186,068",990,People & Blogs
558,DEV Ke Facts,"19,600,000","4,835,581,116",494,
559,JukiLop,"19,600,000","1,597,937,677",85,People & Blogs
560,HaerteTest,"19,600,000","3,333,531,679","1,577",Science & Technology
561,Ricky Limon,"19,600,000","6,937,811,451","1,112",Entertainment
562,JennaMarbles,"19,600,000","1,832,781,770",250,Comedy
563,Jimmy Kimmel Live,"19,500,000","13,736,351,115","6,898",Entertainment
564,Jesser,"19,500,000","5,065,440,602","1,382",Gaming
565,HiMan,"19,500,000","3,170,263,248",430,People & Blogs
566,Supercar Blondie,"19,500,000","9,238,515,533","1,202",Autos & Vehicles
567,Cardi B,"19,400,000","8,247,220,188",118,People & Blogs
568,Crafty Panda,"19,400,000","5,816,110,901",876,People & Blogs
569,ÐÐ¸ÑÐ¾ÑÐºÐ° Ð¢Ð,"19,400,000","5,135,328,643",7,Education
570,AMARINTV : à¸­à¸¡à¸£à¸´à¸à¸à¸£à¹à¸à¸µà¸§à¸µ,"19,400,000","6,680,112,923","75,990",Entertainment
571,Matt Larose,"19,400,000","8,208,928,645",193,Sports
572,Farruko,"19,400,000","10,500,658,624",276,Music
573,ììTwinsFromRussia,"19,400,000","10,613,306,472","8,394",People & Blogs
574,Lucan Pevidor,"19,300,000","7,939,367,345","1,115",Entertainment
575,La Rosa de Guadalupe,"19,300,000","11,632,605,104","10,265",Entertainment
576,Hasan Tarhan,"19,300,000","18,367,713,107","6,697",People & Blogs
577,Lil Nas X,"19,300,000","6,849,860,387",49,Music
578,The Game Theorists,"19,300,000","4,211,642,114",709,Gaming
579,DM - Desi Melodies,"19,300,000","6,869,702,889",165,Music
580,Infobells Bangla,"19,300,000","9,941,584,059",457,Education
581,Calvin Harris,"19,300,000","16,913,409,888",84,Music
582,zbing z.,"19,200,000","10,387,385,152","3,613",Gaming
583,Like Nastya IDN,"19,200,000","8,164,540,085",597,Entertainment
584,Johny FamilyShow,"19,200,000","8,538,674,865",517,
585,GuiGe,"19,200,000","15,787,988,563","3,465",Entertainment
586,Go Ami Go!,"19,200,000","3,706,379,221",363,People & Blogs
587,Klara Tania,"19,200,000","12,084,166,813","2,255",
588,RsiamMusic : à¸­à¸²à¸£à¹à¸ªà¸¢à¸²à¸¡,"19,200,000","12,213,005,366","3,575",Music
589,Miley Cyrus,"19,200,000","9,018,568,412",173,Entertainment
590,LOL,"19,100,000","3,443,955,531",936,People & Blogs
591,Marques Brownlee,"19,100,000","4,315,699,378","1,662",Science & Technology
592,Apple,"19,100,000","1,202,953,659",187,Science & Technology
593,tanboy kun,"19,000,000","4,201,380,063",868,People & Blogs
594,Sony LIV,"19,000,000","10,104,342,848","21,605",Entertainment
595,Bollywood Classics,"19,000,000","8,542,071,963","1,822",Entertainment
596,Marmok,"19,000,000","3,709,302,243",403,Gaming
597,MissaSinfonia,"18,900,000","2,553,674,776",238,Comedy
598,NMF News,"18,900,000","8,616,388,700","128,648",News & Politics
599,Mrwhosetheboss,"18,900,000","5,553,910,305","1,700",Science & Technology
600,Ali-A,"18,900,000","6,529,256,784","4,370",Gaming
601,shane,"18,900,000","4,373,266,907",572,People & Blogs
602,MoreAliA,"18,900,000","6,177,250,501","2,617",Gaming
603,SQUEEZIE,"18,900,000","10,626,740,906","1,660",Gaming
604,Linh Nhi Shorts,"18,900,000","17,758,997,009","3,173",Gaming
605,CKN,"18,800,000","12,787,907,554",491,Entertainment
606,officialpsy,"18,800,000","11,311,806,982",131,Music
607,HikakinTV,"18,800,000","12,691,206,649","3,529",Comedy
608,Colors Rishtey,"18,800,000","15,375,748,590","28,701",Entertainment
609,Zuni and Family,"18,800,000","7,516,337,347",269,People & Blogs
610,HUBAíë°,"18,700,000","12,515,666,223",709,Entertainment
611,sagar kalra (Shorts),"18,700,000","7,362,775,265",534,People & Blogs
612,Dan-Sa / Daniel Saboya,"18,700,000","445,191,844","2,320",Music
613,Moosa Tv Info,"18,700,000","16,647,141,483","1,042",Entertainment
614,Manual do Mundo,"18,700,000","4,387,768,937","2,757",Howto & Style
615,PDK Films,"18,700,000","4,245,447,429",114,Entertainment
616,A2 Motivation by Arvind Arora,"18,700,000","11,682,451,197","4,175",Entertainment
617,El Reino a Jugar,"18,700,000","12,387,472,080",888,Education
618,BBC News Hindi,"18,700,000","8,455,535,520","26,182",News & Politics
619,Good Mythical Morning,"18,700,000","9,456,648,966","3,697",Entertainment
620,Diana Belitskay,"18,700,000","15,088,921,706","3,519",People & Blogs
621,GEN HALILINTAR,"18,700,000","3,692,945,639","1,221",Entertainment
622,Cheri's World,"18,600,000","12,064,326,125","1,069",People & Blogs
623,CoryxKenshin,"18,600,000","7,840,002,436","1,693",Gaming
624,SriBalajiMovies,"18,600,000","10,854,027,127","25,702",Entertainment
625,KatieAngel,"18,600,000","4,080,982,553",942,People & Blogs
626,Mazhavil Manorama,"18,600,000","20,385,973,439","110,732",Entertainment
627,Daily Dose Of Internet,"18,500,000","10,931,763,871","1,050",Entertainment
628,Brawl Stars,"18,400,000","2,574,085,862",226,Gaming
629,TheWillyrex,"18,400,000","7,108,550,846","7,193",Comedy
630,BROTHERS VLOG,"18,400,000","10,369,553,042","1,438",Entertainment
631,Jomy Production,"18,400,000","4,990,016,201",517,Entertainment
632,Katakit Baby TV,"18,400,000","7,679,786,454",217,Music
633,VICE,"18,400,000","5,095,836,246","4,112",Entertainment
634,RobleisIUTU,"18,400,000","5,581,097,834","1,630",Entertainment
635,Bon Bon Media,"18,400,000","10,973,566,016","2,123",Entertainment
636,SebastiÃ¡n Yatra,"18,400,000","11,517,324,112",248,News & Politics
637,Travis Scott,"18,300,000","9,371,918,128",17,Music
638,Liza Baez,"18,300,000","5,448,857,649",550,Entertainment
639,The ACE Family,"18,300,000","4,579,534,915",712,People & Blogs
640,Lyna,"18,300,000","7,363,653,164","5,292",Gaming
641,Gato Galactico,"18,300,000","2,325,953,325","1,494",Film & Animation
642,The Vishal bhatt,"18,300,000","11,934,875,792","1,387",Comedy
643,INCRÃVEL,"18,300,000","3,334,351,678","8,358",People & Blogs
644,TheGrefg,"18,300,000","6,779,539,205","3,942",Gaming
645,LukeDidThat,"18,300,000","6,889,538,359",296,Entertainment
646,UFC,"18,300,000","8,119,501,662","17,202",Sports
647,LEGO,"18,300,000","22,745,356,046","37,647",Entertainment
648,shakiraVEVO,"18,300,000","27,690,705,645",216,Music
649,Pop Chartbusters,"18,200,000","9,565,429,881","2,323",Music
650,FACT FIRE KING,"18,200,000","2,501,022,445","1,035",
651,ZutiGang,"18,200,000","18,359,528,513","1,460",People & Blogs
652,Jamuna TV,"18,200,000","15,801,640,870","137,496",News & Politics
653,IGN,"18,200,000","17,704,069,945","163,316",Gaming
654,Dear Sir,"18,100,000","1,697,366,409",834,Education
655,Porta dos Fundos,"18,100,000","8,195,834,597","2,544",Entertainment
656,T-Series Hamaar Bhojpuri,"18,100,000","8,979,979,711","10,423",Entertainment
657,Jane ASMR ì ì¸,"18,000,000","7,660,231,173","2,230",
658,Vlad and Niki ARA,"18,000,000","8,214,879,816",601,
659,Demi Lovato,"18,000,000","7,247,636,576",327,Music
660,Luis MÃ©ndez,"18,000,000","5,528,024,321","1,577",Comedy
661,Lele Pons,"18,000,000","5,479,477,642",185,Comedy
662,THAIRATH TV Originals,"18,000,000","16,859,399,344","283,130",News & Politics
663,spider-maaaaaaan / ã¹ãã¤ãã¼ã¡ã¼ã³,"17,900,000","13,860,005,117","2,345",Comedy
664,Ivana Alawi,"17,900,000","1,513,146,773",210,
665,TheBrianMaps,"17,900,000","4,784,192,178",517,Comedy
666,Aayu and Pihu Show,"17,900,000","10,574,639,589",547,Comedy
667,Lahari Music - TSeries,"17,900,000","13,053,956,189","9,172",Music
668,Juliana Baltar,"17,900,000","4,392,231,703","2,426",Entertainment
669,iam_nandinirajput,"17,900,000","6,606,559,291","1,699",Entertainment
670,TRANS TV Official,"17,800,000","10,221,457,608","159,758",Entertainment
671,GMMTV OFFICIALââ,"17,800,000","14,962,406,706","28,004",Entertainment
672,Jose Comelon - EspaÃ±ol,"17,800,000","6,898,179,225",402,Film & Animation
673,Adam W,"17,800,000","14,069,047,637",828,Comedy
674,ÐÐ¸Ð¼Ð° ÐÐ°ÑÐ»ÐµÐ½Ð½Ð¸ÐºÐ¾Ð²,"17,800,000","2,700,790,785",433,Entertainment
675,Ø§ÙÙØ±ÙÙØ§Ø³ - Al-Remas,"17,800,000","11,156,667,920","2,277",Music
676,MGC Playhouse,"17,800,000","16,510,389,546","1,577",Shows
677,Queen Official,"17,700,000","11,397,708,642","1,195",Music
678,POPS Kids,"17,700,000","11,820,591,902","3,488",Music
679,Anitta,"17,700,000","8,156,291,718",197,Music
680,Lil Pump,"17,700,000","4,257,839,532",61,Music
681,FactTechz,"17,600,000","2,368,778,704",850,Entertainment
682,Dr Ryan,"17,600,000","9,621,679,583","1,515",Education
683,ÙØ§Ø´Ø§ Ù Ø§ÙØ¯Ø¨,"17,600,000","9,612,674,602","1,238",Shows
684,Amara Que Linda,"17,600,000","1,705,688,445",519,People & Blogs
685,HowToBasic,"17,600,000","3,834,407,160",612,Howto & Style
686,ArianaGrandeVevo,"17,600,000","21,597,274,422",209,Music
687,Arif muhammad,"17,600,000","5,129,503,222",657,People & Blogs
688,Ch7HD,"17,600,000","10,411,760,046","72,480",Entertainment
689,The MriDul,"17,500,000","5,383,370,318",189,Comedy
690,StudyIQ IAS,"17,500,000","5,511,614,865","52,043",Education
691,David Dobrik,"17,500,000","7,241,688,538",536,People & Blogs
692,Sanjoy Das Official,"17,500,000","5,858,657,656","2,016",Entertainment
693,Nick DiGiovanni,"17,500,000","9,499,008,421",841,People & Blogs
694,Unspeakable,"17,500,000","10,466,681,691",909,Gaming
695,With Kids[ìëí¤ì¦],"17,500,000","9,231,272,061",989,Entertainment
696,Amaury Guichon,"17,500,000","6,044,468,536",331,Entertainment
697,Eli Kids - Cartoons & Songs,"17,500,000","6,603,396,952",862,
698,Vlad y Niki Show,"17,400,000","6,231,601,293",568,
699,JFlaMusic,"17,400,000","3,901,298,435",363,Music
700,THE BROWN SIBLINGS,"17,400,000","10,256,696,160","1,417",Entertainment
701,SEVENGERS,"17,400,000","13,997,044,137","1,181",Comedy
702,RCTI - LAYAR DRAMA INDONESIA,"17,400,000","15,578,124,309","85,345",Entertainment
703,KOMPASTV,"17,400,000","13,902,413,939","315,372",News & Politics
704,Ian Boggs,"17,400,000","11,863,398,256","1,618",Entertainment
705,Ray William Johnson,"17,400,000","13,341,501,681","2,392",Entertainment
706,FC Barcelona,"17,300,000","3,438,898,184","12,058",Sports
707,Dental Digest,"17,300,000","9,705,664,325",413,People & Blogs
708,Netflix Jr.,"17,300,000","10,630,273,308","2,446",Education
709,Zee Music Classic,"17,300,000","6,455,448,050","1,834",Music
710,TWICE,"17,300,000","6,340,582,364","1,618",Music
711,Sony Music South,"17,300,000","12,556,471,079","3,525",Music
712,Prajapati News,"17,200,000","1,061,376,612","1,735",Comedy
713,Emilly Vick,"17,200,000","6,763,302,729",628,Science & Technology
714,Gaby and Alex,"17,200,000","8,718,014,078",367,Entertainment
715,AlJazeera Arabic  ÙÙØ§Ø© Ø§ÙØ¬Ø²ÙØ±Ø©,"17,200,000","10,665,797,074","200,615",News & Politics
716,T3ddy,"17,200,000","3,368,657,991","2,221",Comedy
717,CRAZY GREAPA,"17,200,000","14,035,948,935","1,114",Entertainment
718,SRK MUSIC,"17,200,000","2,236,677,664","1,059",Music
719,Stubborn Facts,"17,100,000","904,874,376",308,Film & Animation
720,PopularMMOs,"17,100,000","14,667,319,235","4,688",Gaming
721,Sierra & Rhia FAM,"17,100,000","17,560,153,649","3,299",Entertainment
722,Technoblade,"17,100,000","1,776,847,201",992,Gaming
723,Willyrex,"17,100,000","5,162,319,626","8,145",Gaming
724,MY FAMILY,"17,100,000","6,829,917,841",334,
725,FunFun Toy Doll TV,"17,100,000","7,673,151,545",758,Entertainment
726,NDTV India,"17,100,000","7,779,502,624","122,195",News & Politics
727,Blippi EspaÃ±ol,"17,000,000","10,021,531,808",716,People & Blogs
728,Red Bull,"17,000,000","8,931,120,164","6,238",Sports
729,MK MUSIC,"17,000,000","10,805,056,330","6,089",Music
730,FailArmy,"17,000,000","3,938,428,816",571,Comedy
731,Kaykai Salaider,"17,000,000","4,592,559,740",434,Comedy
732,MARIANA,"16,900,000","2,466,613,571",507,People & Blogs
733,Jennifer Lopez,"16,800,000","10,904,993,615",393,Music
734,DeToxoMoroxo,"16,800,000","2,353,961,852",584,Entertainment
735,PowerfulJRE,"16,800,000","5,268,844,693","2,649",People & Blogs
736,Kashvi Adlakha,"16,800,000","13,664,249,589","1,876",Entertainment
737,RD facts,"16,800,000","879,013,346",585,
738,LuisFonsiVEVO,"16,800,000","15,094,884,249",109,Music
739,ÐÐ»Ð°Ð´ Ð¸ ÐÐ¸ÐºÐ¸ÑÐ°,"16,800,000","10,090,633,039",594,
740,Zee Bangla,"16,800,000","10,978,341,740","141,936",Entertainment
741,E-MasterSensei,"16,800,000","4,508,966,348","1,391",Gaming
742,Pitbull,"16,800,000","13,468,787,907",506,Music
743,SportsNation,"16,800,000","21,391,168,108","5,095",Sports
744,Kim Loaiza,"16,800,000","2,072,890,604",32,Music
745,Liza Koshy,"16,800,000","2,174,304,064",144,Comedy
746,Oneindia Hindi | à¤µà¤¨à¤à¤à¤¡à¤¿à¤¯à¤¾ à¤¹à¤¿à¤à¤¦à¥,"16,800,000","5,434,386,347","163,817",News & Politics
747,Adaah Queen,"16,800,000","6,369,296,407",605,Entertainment
748,Guava Juice,"16,800,000","8,835,944,356","1,926",Gaming
749,RS 1313 SHORTS,"16,800,000","9,669,490,212","6,638",Entertainment
750,Tu COSMOPOLIS,"16,700,000","5,138,254,394","10,742",People & Blogs
751,ABC News,"16,700,000","14,852,774,653","90,577",News & Politics
752,Enterr10 Rangeela,"16,700,000","8,348,109,105","6,569",Entertainment
753,IDEAS EN 5 MINUTOS,"16,700,000","3,849,893,074","6,232",Howto & Style
754,Think Music India,"16,700,000","14,378,627,936","5,975",Music
755,Kuplinov âº Play,"16,700,000","7,765,978,051","6,850",Gaming
756,Diosdado Juarez,"16,700,000","7,856,872,483","1,516",Gaming
757,Luli PampÃ­n,"16,700,000","12,174,762,252",359,Music
758,Volga Video,"16,600,000","8,970,953,252","6,196",Film & Animation
759,Doggy Doggy Cartoons,"16,600,000","6,531,662,405","4,787",Entertainment
760,Kids Play,"16,600,000","8,581,199,494",642,Entertainment
761,AdMe,"16,600,000","4,837,501,955","8,014",Entertainment
762,Uman sayyed shorts,"16,600,000","5,324,758,931","4,683",People & Blogs
763,Fact Brain 96,"16,600,000","1,600,148,973",798,People & Blogs
764,Camila Cabello,"16,600,000","7,083,060,208",142,Music
765,Werever2morro,"16,600,000","2,816,296,378",973,Entertainment
766,EeOneGuy,"16,600,000","3,798,291,499",367,Entertainment
767,Stray Kids,"16,600,000","5,132,132,095","1,094",People & Blogs
768,Boyce Avenue,"16,600,000","6,849,187,521",565,Music
769,SAM SMITH,"16,600,000","11,152,738,475",297,Music
770,Anninha,"16,500,000","3,276,380,676","1,309",People & Blogs
771,Bobon Santoso,"16,500,000","2,142,330,425",733,People & Blogs
772,Jazzghost,"16,500,000","7,168,446,308","5,809",Gaming
773,FitDance,"16,500,000","7,511,079,996","6,094",Music
774,benja calero,"16,500,000","5,444,054,064","1,586",People & Blogs
775,JT Casey,"16,500,000","2,954,742,408","2,213",Entertainment
776,Czn Burak,"16,500,000","7,004,341,950",599,People & Blogs
777,Antrax,"16,500,000","3,170,524,091",739,Gaming
778,Sandra Cires Art,"16,500,000","4,103,951,048","1,131",Howto & Style
779,JULIA GISELLA,"16,500,000","6,732,252,582",760,Entertainment
780,Vlad and Niki PRT,"16,500,000","7,592,997,869",608,
781,CNN,"16,500,000","16,013,047,845","165,438",News & Politics
782,Mis Pastelitos,"16,500,000","3,560,018,399",719,Howto & Style
783,tiyaa_ningwal_official,"16,400,000","5,124,200,172",697,Entertainment
784,Matt Stonie,"16,400,000","3,669,531,600",445,Entertainment
785,XpressTV,"16,400,000","4,708,348,143",803,Entertainment
786,Camilo,"16,400,000","7,603,419,032",212,Music
787,Behindwoods TV,"16,400,000","19,008,947,354","81,142",Entertainment
788,Gyan Gamingã¤,"16,400,000","2,602,266,088","3,787",Gaming
789,BanderitaX,"16,400,000","5,000,177,146","1,812",Gaming
790,Team Films Bhojpuri,"16,400,000","6,847,925,905","20,072",Music
791,Little Mix,"16,400,000","7,917,055,024",278,Music
792,W2S,"16,300,000","4,824,922,438",653,Gaming
793,MNCTV OFFICIAL,"16,300,000","8,751,528,055","76,301",Entertainment
794,EdisonPts,"16,300,000","7,673,421,247","3,985",Gaming
795,Dyland PROS,"16,300,000","1,611,704,906","3,525",Entertainment
796,JJ Olatunji,"16,300,000","4,287,356,597","1,360",Gaming
797,RupalChoudhary TD,"16,300,000","4,897,758,487","1,446",People & Blogs
798,Noel Robinson,"16,300,000","9,208,658,139","1,591",Entertainment
799,Ryan Trahan,"16,200,000","3,382,302,716",385,Entertainment
800,pets swag,"16,200,000","2,326,955,178",884,Pets & Animals
801,ExtraPolinesios,"16,200,000","4,926,624,566",517,People & Blogs
802,Manish Sahu 47,"16,200,000","6,809,748,429","2,326",
803,Indore Physical Academy,"16,200,000","4,885,046,407","2,494",People & Blogs
804,ABS-CBN News,"16,200,000","11,402,890,733","231,137",News & Politics
805,BBC News,"16,200,000","5,370,579,575","22,038",News & Politics
806,Tonni art and craft,"16,200,000","7,246,608,503","1,496",Howto & Style
807,Enes Batur,"16,200,000","9,998,054,953","1,986",Gaming
808,Canal IN,"16,200,000","2,771,167,768",722,People & Blogs
809,Live,"16,100,000",0,0,
810,Ø­ÙØ±Ù Ø¥Ø¨Ø¯Ø§Ø¹ÙØ© ÙÙ 5 Ø¯ÙØ§Ø¦Ù,"16,100,000","5,083,805,043","5,940",Howto & Style
811,STAR à¤­à¤¾à¤°à¤¤,"16,100,000","11,762,586,901","32,871",People & Blogs
812,Mobile Legends: Bang Bang,"16,100,000","1,836,798,878","3,017",Gaming
813,Su Hao,"16,100,000","16,566,762,046","2,799",People & Blogs
814,50 Cent,"16,000,000","11,468,856,478",423,Music
815,Little Angel - MÃºsicas Infantis em PortuguÃªs,"16,000,000","9,981,851,261",934,Entertainment
816,Harsh Beniwal,"16,000,000","1,949,024,850",169,Comedy
817,Merrick Hanna,"16,000,000","11,439,159,216","1,220",Entertainment
818,WinnerMax,"16,000,000","4,003,703,794","1,526",Gaming
819,Alexa Rivera,"16,000,000","4,201,997,849",340,Howto & Style
820,The Dodo,"16,000,000","12,243,367,880","9,339",Pets & Animals
821,Genierock,"16,000,000","15,469,466,334","1,950",Music
822,Rebecca Zamolo,"16,000,000","7,507,867,830","1,012",Comedy
823,5-Minute Crafts FAMILY,"16,000,000","6,490,478,474","4,952",People & Blogs
824,infobells - Kannada,"16,000,000","7,657,239,496",535,Education
825,Henrique e Juliano,"16,000,000","16,831,618,019",350,Music
826,ÐÐ¾Ð¼Ð¿Ð¾Ñ,"16,000,000","9,602,950,057","2,552",Gaming
827,Ju AraÃºjo,"15,900,000","4,823,151,457","12,090",Entertainment
828,Crescendo com Luluca,"15,900,000","5,909,955,476","1,537",Entertainment
829,Anh Cá»§ Cáº£i,"15,900,000","10,734,683,372","2,795",Entertainment
830,Geo News,"15,900,000","7,443,024,621","235,067",News & Politics
831,à¸à¹à¸­à¸8 : Thai Ch8,"15,900,000","5,355,627,240","32,461",Entertainment
832,Hongyu ASMR íì,"15,900,000","5,692,757,484",775,People & Blogs
833,DopeLyrics,"15,800,000","10,047,851,861","2,045",Music
834,jeffreestar,"15,800,000","2,594,742,131",433,Howto & Style
835,LOKESH GAMER,"15,800,000","1,761,376,415","1,651",Gaming
836,Talking Tom & Friends TV,"15,800,000","6,711,462,468",597,Entertainment
837,Rotten Tomatoes Trailers,"15,800,000","13,413,943,162","11,257",Film & Animation
838,Veritasium,"15,800,000","2,704,790,499",402,Education
839,wifistudy by Unacademy,"15,800,000","3,109,720,289","55,832",Education
840,Rakib Hossain,"15,800,000","5,763,624,982",566,People & Blogs
841,Lana Del Rey,"15,800,000","8,330,913,903",45,Music
842,Dave and Ava - Nursery Rhymes and Baby Songs,"15,700,000","11,460,546,026",999,Education
843,NANDO,"15,700,000","2,069,759,738",397,People & Blogs
844,H&T Official,"15,700,000","7,398,578,605",830,Entertainment
845,PrestonPlayz,"15,700,000","6,547,298,687","1,029",Gaming
846,zayn,"15,700,000","5,252,324,745",61,Music
847,Caylus,"15,700,000","6,329,913,843","1,678",Education
848,Kerajinan 5-Menit,"15,700,000","4,983,075,247","4,913",People & Blogs
849,FFUNTV,"15,700,000","11,836,229,537",383,Gaming
850,LittleGlove,"15,700,000","15,362,215,882","2,066",People & Blogs
851,Linus Tech Tips,"15,700,000","7,867,485,655","6,908",Science & Technology
852,Niana Guerrero,"15,700,000","1,596,485,786",479,Entertainment
853,CrashCourse,"15,700,000","1,984,154,104","1,549",Education
854,Daftar Populer,"15,700,000","2,321,693,855","4,620",Education
855,Prashant Sharma Entertainment,"15,700,000","3,320,467,231",771,People & Blogs
856,melanie martinez,"15,700,000","4,934,374,088",132,Music
857,Super Senya,"15,700,000","5,192,985,536",482,Entertainment
858,Crazy Frog,"15,700,000","9,185,890,228",49,Music
859,NITIN FREE FIRE,"15,600,000","2,560,985,874",867,Gaming
860,BIBO Ð¸ ÐÐ³ÑÑÑÐºÐ¸,"15,600,000","1,559,346,268",223,Entertainment
861,Karen Bustillos,"15,600,000","2,052,997,005",537,Entertainment
862,Zee Telugu,"15,600,000","12,354,908,625","157,534",Entertainment
863,Woody & Kleiny,"15,600,000","14,516,343,941","1,150",Comedy
864,Mohamed Ramadan I ÙØ­ÙØ¯ Ø±ÙØ¶Ø§Ù,"15,600,000","5,765,971,865",787,People & Blogs
865,Albertisment,"15,600,000","2,485,304,768",770,Entertainment
866,Sumon Stunts,"15,600,000","4,216,311,158",723,Entertainment
867,Alextis,"15,600,000","2,177,444,753",548,Entertainment
868,PlayStation,"15,600,000","5,234,640,692","22,563",Gaming
869,AlArabiya Ø§ÙØ¹Ø±Ø¨ÙØ©,"15,600,000","9,781,020,585","213,665",People & Blogs
870,The McFive Circus,"15,600,000","11,226,275,398","3,459",People & Blogs
871,Apu Alone,"15,600,000","17,982,539,245","4,748",Comedy
872,Free Fire India Official,"15,500,000","2,484,422,804","1,802",People & Blogs
873,Caeli YT,"15,500,000","1,451,403,457",492,Entertainment
874,ZEE5,"15,500,000","20,170,933,776","127,757",Entertainment
875,XDSchool,"15,500,000","5,561,918,161","2,447",Gaming
876,Bihari Ladka,"15,500,000","9,444,758,076",762,Gaming
877,NH Studioz,"15,500,000","4,749,181,784","3,596",Film & Animation
878,El TÃ­o NÃ©stor,"15,500,000","5,340,454,273","1,221",Sports
879,ARGEN,"15,500,000","8,324,491,670","3,748",Entertainment
880,O Reino Infantil,"15,500,000","10,605,321,558","1,161",Music
881,ZÃ© Neto e Cristiano,"15,500,000","13,195,463,325",451,Music
882,League of Legends,"15,400,000","7,955,043,986","1,458",Gaming
883,It's Mamix,"15,400,000","1,760,002,298",191,People & Blogs
884,FAMILY BOOMS,"15,400,000","15,163,123,012","1,430",Entertainment
885,Makiman131,"15,400,000","4,346,904,988","3,165",Gaming
886,SuperHero Kids,"15,400,000","5,516,095,191",475,People & Blogs
887,Aadishakti Films,"15,400,000","6,706,617,212","4,900",Music
888,Desi Gamers,"15,400,000","2,454,377,172","1,418",Gaming
889,Cosmo TV,"15,400,000","282,050,381",72,People & Blogs
890,NOBRU,"15,400,000","526,473,784",845,Gaming
891,PANDA,"15,400,000","2,003,527,941",256,Comedy
892,èèä¸èæ¡,"15,400,000","8,373,624,684","2,153",People & Blogs
893,Telemundo,"15,400,000","9,284,257,516","20,123",Entertainment
894,Come Play With Me,"15,400,000","18,104,007,661",463,Entertainment
895,Camila Loures,"15,400,000","5,287,926,480","4,551",Music
896,RobTopGames,"15,300,000","460,899,251",57,Gaming
897,Acenix,"15,300,000","2,647,032,276",459,Gaming
898,karameeshchannel,"15,300,000","10,659,001,365","2,388",Entertainment
899,Elvish yadav,"15,300,000","1,453,922,338",189,Comedy
900,Zig & Sharko,"15,300,000","9,616,830,421","1,192",Film & Animation
901,Ð¢ÑÑÐ¼ Ð¢ÑÑÐ¼,"15,300,000","7,349,301,784","2,668",Howto & Style
902,Jagdish Comedian,"15,300,000","2,184,299,479",424,Comedy
903,ÐÐ°ÑÐ° ÑÐ° ÐÐµÐ´Ð¼ÑÐ´Ñ,"15,300,000","6,660,071,961","1,466",Shows
904,Saad Lamjarred | Ø³Ø¹Ø¯ ÙÙØ¬Ø±Ø¯,"15,300,000","4,783,416,049",180,Music
905,Jooj Natu,"15,300,000","9,917,032,586","1,365",Entertainment
906,Yarook_Malik22,"15,300,000","3,875,766,063",753,People & Blogs
907,Coke Studio Pakistan,"15,300,000","4,684,067,741",704,Music
908,Roman Atwood Vlogs,"15,300,000","5,557,871,908","1,940",People & Blogs
909,GMM25Thailand,"15,300,000","8,982,388,803","77,970",Entertainment
910,penguinz0,"15,300,000","9,758,497,751","5,422",Gaming
911,Airrack,"15,200,000","2,985,311,294",224,Entertainment
912,Musas,"15,200,000","2,459,904,146",651,Howto & Style
913,Ranz Kyle,"15,200,000","1,823,680,424",564,People & Blogs
914,ÐÑÐ½Ð¾Ð¼Ð¾ÑÐ¸Ðº,"15,200,000","8,346,174,830",848,People & Blogs
915,Mariale,"15,200,000","2,964,850,095","3,632",Howto & Style
916,RaptorGamer,"15,200,000","3,168,184,309","1,813",People & Blogs
917,Kwebbelkop,"15,200,000","7,028,338,206","5,184",Gaming
918,MattyBRaps,"15,200,000","4,035,276,681",201,Music
919,T-Series Regional,"15,200,000","5,670,772,111","15,116",Entertainment
920,TazerCraft,"15,200,000","6,185,658,370","4,179",Gaming
921,Little Treehouse Nursery Rhymes and Kids Songs,"15,200,000","7,181,805,347","1,823",Education
922,Oyuncak AvÄ±,"15,200,000","4,253,526,227",241,Entertainment
923,Doc Tops,"15,100,000","2,224,371,937",413,Entertainment
924,gogo 2728,"15,100,000","6,566,622,156",777,People & Blogs
925,BIGBANG,"15,100,000","8,360,905,291",776,Music
926,Jorge & Mateus Oficial,"15,100,000","10,091,786,780",347,Music
927,Goldmines Premiere,"15,100,000","1,860,888,715","1,436",Entertainment
928,Lachlan,"15,100,000","5,560,420,588","3,914",Gaming
929,Auron,"15,100,000","3,934,648,134","1,173",People & Blogs
930,The Slow Mo Guys,"15,100,000","2,624,676,269",345,Entertainment
931,Meghan Trainor,"15,100,000","9,204,751,237",379,People & Blogs
932,Zee Tamil,"15,100,000","12,387,885,402","129,687",Entertainment
933,Fueled By Ramen,"15,000,000","14,057,367,817","1,223",Music
934,Ø£ØªØ±Ù/Atro,"15,000,000","2,856,769,910","2,239",Gaming
935,Like Nastya Stories,"15,000,000","7,283,965,999",575,Entertainment
936,Mythpat,"15,000,000","3,472,606,727",396,Entertainment
937,Kids TV India Hindi Nursery Rhymes,"15,000,000","7,312,406,587","1,918",Shows
938,Times Music,"15,000,000","5,388,173,339","2,626",Music
939,5-Minute Crafts Recycle,"15,000,000","9,203,440,070","5,020",People & Blogs
940,iTownGamePlay *Terror&DiversiÃ³n*,"15,000,000","5,099,919,566","8,998",Entertainment
941,MC Divertida,"15,000,000","6,399,298,755",529,Entertainment
942,Luke Davidson,"15,000,000","12,390,033,405","1,273",Entertainment
943,MoniLina,"15,000,000","17,627,488,229",872,Comedy
944,DRJ Records Specials,"15,000,000","3,604,571,188","4,759",People & Blogs
945,O Que NÃ£o Dizer Oficial,"14,900,000","2,468,702,543",897,Comedy
946,TheRichest,"14,900,000","2,739,256,069","2,379",Education
947,GMA Integrated News,"14,900,000","11,175,380,808","334,660",News & Politics
948,Ethan Funny Family,"14,900,000","8,515,641,693",806,Entertainment
949,YANA CHIRKINA,"14,900,000","10,820,495,148","2,255",Sports
950,ERB,"14,900,000","4,145,883,475",88,Entertainment
951,janin al chair,"14,900,000","8,704,497,610",853,Comedy
952,Kendrick Lamar,"14,900,000","7,045,416,792",25,People & Blogs
953,ÐÐ¢Ð,"14,900,000","439,098",1,People & Blogs
954,Canal Nostalgia,"14,900,000","1,557,176,806",445,Entertainment
955,Major Lazer Official,"14,900,000","9,775,511,306",464,Music
956,Family Fitness,"14,900,000","11,764,104,085","2,193",Entertainment
957,AdeleVEVO,"14,900,000","13,313,308,057",52,Music
958,Harsha Sai - For You Hindi,"14,800,000","2,977,524,461",113,Entertainment
959,Wish 107.5,"14,800,000","6,679,413,667","2,062",Music
960,Sonyakisa8 TT,"14,800,000","10,063,367,069",259,Pets & Animals
961,Gustavo ParÃ³dias,"14,800,000","3,669,715,893","2,471",Comedy
962,Chad Wild Clay,"14,800,000","7,030,797,987",749,Comedy
963,TommyInnit,"14,800,000","2,400,898,397",469,Gaming
964,Ornella Zocco,"14,800,000","11,659,619,117","7,326",People & Blogs
965,Hacksmith Industries,"14,800,000","2,499,267,243","1,111",Science & Technology
966,Vivek Bhardwaj,"14,800,000","5,363,947,087",739,
967,Martin Garrix,"14,800,000","6,409,242,577",402,Music
968,Harry Styles,"14,800,000","6,536,585,799",17,People & Blogs
969,Dropout,"14,800,000","7,051,046,276","4,572",Comedy
970,Hear This Music,"14,800,000","9,809,494,334",46,Music
971,ETV Jabardasth,"14,800,000","14,713,192,638","11,776",People & Blogs
972,Codiscos,"14,700,000","14,216,862,647","7,621",Music
973,Neha Kakkar,"14,700,000","2,316,453,260",173,Music
974,Ø­ÙØ§Ø¦Ù ÙØ£Ø³Ø±Ø§Ø±,"14,700,000","2,254,339,624","1,466",Entertainment
975,Maha Fun Tv,"14,700,000","1,368,955,100",88,Entertainment
976,DangMattSmith,"14,700,000","3,465,276,361","2,105",Entertainment
977,Fifth Harmony,"14,700,000","8,285,403,186",67,Music
978,Diana and Roma IND,"14,700,000","6,495,601,550",620,
979,Jack Doherty,"14,700,000","5,695,883,959","1,861",Sports
980,shadab5star,"14,700,000","4,854,023,662","1,001",Entertainment
981,Blockbuster Movies,"14,700,000","3,182,691,778","1,301",Entertainment
982,Ø§Ù Ø³ÙÙ Om sayf,"14,700,000","6,658,712,599",580,People & Blogs
983,Tonde Gamer,"14,700,000","3,843,594,954","2,743",Gaming
984,Tayo Bus Kecil - Tayo Bahasa Indonesia,"14,700,000","7,306,056,656","1,261",Film & Animation
985,Planeta das GÃªmeas,"14,700,000","3,762,423,062",698,People & Blogs
986,Atlantic Records,"14,700,000","13,636,502,200","1,941",Music
987,English Connection,"14,700,000","2,778,432,619","1,558",Education
988,Narins Beauty,"14,700,000","2,372,424,320",450,Howto & Style
989,Kaleb Andri,"14,700,000","3,378,301,008","1,824",Entertainment
990,Gallina Pintadita,"14,700,000","10,544,972,181",64,Music
991,Chota Ali vlogs,"14,700,000","5,222,880,193","3,077",
992,Vogue,"14,600,000","4,832,392,210","3,630",Entertainment
993,SHoNgxBÐ¾Ng,"14,600,000","2,511,237,122",724,Gaming
994,Monsta,"14,600,000","5,014,985,322","1,481",Film & Animation
995,Ali Anas Khan,"14,600,000","3,067,161,644",787,Entertainment
996,Peppa Pig em PortuguÃªs Brasil - Canal Oficial,"14,600,000","5,062,618,236","1,666",Film & Animation
997,Reaction Time,"14,600,000","4,473,584,772","1,741",Entertainment
998,Typical Gamer,"14,600,000","4,877,329,797","5,086",Gaming
999,TV Ana Emilia,"14,600,000","4,978,034,930",791,People & Blogs
1000,Boram Tube ToysReview [ë³´ëíë¸ í ì´ë¦¬ë·°],"14,600,000","5,078,907,224",646,People & Blogs
