Rank,Influencer,Followers,Category,platform
1,MrBeast,291000000.0,Entertainment,YouTube
2,T-Series,268000000.0,Music,YouTube
3,Cocomelon - Nursery Rhymes,177000000.0,Education,YouTube
4,SET India,174000000.0,Shows,YouTube
5,@khaby.lame,161900000.0,Entertainment,TikTok
6,â¿ Kids Diana Show,123000000.0,People & Blogs,YouTube
7,Vlad and Niki,120000000.0,Entertainment,YouTube
8,Like Nastya,117000000.0,People & Blogs,YouTube
9,PewDiePie,111000000.0,Gaming,YouTube
10,Zee Music Company,108000000.0,Music,YouTube
11,WWE,102000000.0,Sports,YouTube
12,Goldmines,97700000.0,Film & Animation,YouTube
13,BLACKPINK,94100000.0,People & Blogs,YouTube
14,Sony SAB,93300000.0,Shows,YouTube
15,@bellapoarch,92600000.0,Entertainment,TikTok
16,ChuChu TV Nursery Rhymes & Kids Songs,91600000.0,Education,YouTube
17,@addisonre,88500000.0,Beauty,TikTok
18,@mrbeast,85400000.0,Entertainment,TikTok
19,Zee TV,81400000.0,Entertainment,YouTube
20,5-Minute Crafts,80700000.0,Howto & Style,YouTube
21,BANGTANTV,78400000.0,Music,YouTube
22,@zachking,78100000.0,Entertainment,TikTok
23,@kimberly.loaiza,76100000.0,Unknown,TikTok
24,Baby Shark - Pinkfong Kidsâ Songs & Stories,75700000.0,Education,YouTube
25,HYBE LABELS,75200000.0,Music,YouTube
26,@willsmith,74800000.0,Unknown,TikTok
27,@therock,74400000.0,Entertainment,TikTok
28,Colors TV,73600000.0,Shows,YouTube
29,Justin Bieber,73100000.0,Music,YouTube
30,@cznburak,72000000.0,Unknown,TikTok
31,Stokes Twins,71200000.0,People & Blogs,YouTube
32,Shemaroo Filmi Gaane,68700000.0,Music,YouTube
33,T-Series Bhakti Sagar,68100000.0,Music,YouTube
34,Canal KondZilla,67200000.0,Music,YouTube
35,Tips Official,66700000.0,Music,YouTube
36,Aaj Tak,65700000.0,News & Politics,YouTube
37,@billieeilish,65300000.0,Unknown,TikTok
38,El Reino Infantil,64700000.0,Music,YouTube
39,Infobells - Hindi,62800000.0,Education,YouTube
40,Wave Music,62200000.0,Music,YouTube
41,Movieclips,61600000.0,Film & Animation,YouTube
42,Sony Music India,60800000.0,Music,YouTube
43,EminemMusic,60700000.0,Music,YouTube
44,YRF,60400000.0,Film & Animation,YouTube
45,Dude Perfect,60300000.0,Sports,YouTube
46,@jasonderulo,59500000.0,Entertainment,TikTok
47,Taylor Swift,59400000.0,Music,YouTube
48,ZAMZAM ELECTRONICS TRADING,58800000.0,People & Blogs,YouTube
49,Toys and Colors,57900000.0,Entertainment,YouTube
50,Marshmello,57200000.0,Entertainment,YouTube
51,A4,57100000.0,Gaming,YouTube
52,LooLoo Kids - Nursery Rhymes and Children's Songs,57100000.0,Music,YouTube
53,BillionSurpriseToys  - Nursery Rhymes & Cartoons,56900000.0,Education,YouTube
54,@kyliejenner,56100000.0,Beauty,TikTok
55,HAR PAL GEO,55500000.0,Entertainment,YouTube
56,PANDA BOI,54800000.0,Entertainment,YouTube
57,Ed Sheeran,54800000.0,Music,YouTube
58,ARY Digital HD,54300000.0,Entertainment,YouTube
59,Ariana Grande,54300000.0,Music,YouTube
60,Mark Rober,53900000.0,Science & Technology,YouTube
61,Shemaroo,53800000.0,Entertainment,YouTube
62,@karolg,53500000.0,Entertainment,TikTok
63,Fede Vigevani,52400000.0,Howto & Style,YouTube
64,Billie Eilish,52100000.0,Music,YouTube
65,@justmaiko,51400000.0,Unknown,TikTok
66,Get Movies,51400000.0,Entertainment,YouTube
67,KL BRO Biju Rithvik,51200000.0,Entertainment,YouTube
68,@bts_official_bighit,51000000.0,Entertainment,TikTok
69,SonyMusicIndiaVEVO,50800000.0,Music,YouTube
70,Mikecrack,50600000.0,Gaming,YouTube
71,JuegaGerman,50300000.0,Gaming,YouTube
72,YOLO AVENTURAS,50100000.0,People & Blogs,YouTube
73,Jess No Limit,49900000.0,Entertainment,YouTube
74,ABS-CBN Entertainment,48400000.0,People & Blogs,YouTube
75,Masha and The Bear,48400000.0,Shows,YouTube
76,Bad Bunny,47900000.0,Music,YouTube
77,BETER BÃCÃK,47900000.0,Gaming,YouTube
78,Voot Kids,47600000.0,Entertainment,YouTube
79,Fernanfloo,47500000.0,Gaming,YouTube
80,Badabun,47400000.0,Entertainment,YouTube
81,Alan Chikin Chow,47000000.0,Comedy,YouTube
82,Felipe Neto,46400000.0,Entertainment,YouTube
83,Ricis Official,46300000.0,People & Blogs,YouTube
84,Shakira,46300000.0,People & Blogs,YouTube
85,@itsjojosiwa,45800000.0,Entertainment,TikTok
86,Alan Walker,45600000.0,Music,YouTube
87,VocÃª Sabia?,45500000.0,Entertainment,YouTube
88,Ishtar Music,45500000.0,Other,YouTube
89,Kimberly Loaiza,45200000.0,People & Blogs,YouTube
90,Katy Perry,45100000.0,Music,YouTube
91,whinderssonnunes,44700000.0,Comedy,YouTube
92,BRIGHT SIDE,44600000.0,Howto & Style,YouTube
93,LUCCAS NETO - LUCCAS TOON,44400000.0,People & Blogs,YouTube
94,MrBeast Gaming,44300000.0,Gaming,YouTube
95,StarPlus,44200000.0,Entertainment,YouTube
96,Speed Records,44200000.0,Music,YouTube
97,ABP NEWS,44000000.0,People & Blogs,YouTube
98,@espn,44000000.0,Entertainment,TikTok
99,HolaSoyGerman.,43900000.0,Entertainment,YouTube
100,shfa,43400000.0,People & Blogs,YouTube
101,Like Nastya Show,43400000.0,Entertainment,YouTube
102,MrBeast 2,43400000.0,People & Blogs,YouTube
103,Rihanna,43300000.0,Entertainment,YouTube
104,Sony PAL,43200000.0,Shows,YouTube
105,Luisito Comunica,42900000.0,Comedy,YouTube
106,Maria Clara & JP,42900000.0,People & Blogs,YouTube
107,@junya1gou,42800000.0,Unknown,TikTok
108,DaFuq!?Boom!,42500000.0,Film & Animation,YouTube
109,Goldmines Gaane Sune Ansune,42400000.0,Music,YouTube
110,Real fools shorts official,42300000.0,People & Blogs,YouTube
111,Total Gaming,42200000.0,Gaming,YouTube
112,CarryMinati,42200000.0,Comedy,YouTube
113,Alejo Igoa,42200000.0,Comedy,YouTube
114,@homm9k,42100000.0,Beauty,TikTok
115,Super Simple Songs - Kids Songs,42000000.0,Education,YouTube
116,IndiaTV,41900000.0,News & Politics,YouTube
117,Dushyant kukreja,41900000.0,Entertainment,YouTube
118,ê¹íë¡KIMPRO,41600000.0,People & Blogs,YouTube
119,Saregama Music,41500000.0,Entertainment,YouTube
120,@xoteam,41200000.0,Entertainment,TikTok
121,@elrodcontreras,41100000.0,Entertainment,TikTok
122,PowerKids TV,41100000.0,Film & Animation,YouTube
123,TheDonato,41100000.0,Entertainment,YouTube
124,Genevieve's Playhouse - Learning Videos for Kids,41100000.0,Education,YouTube
125,WorkpointOfficial,41100000.0,Entertainment,YouTube
126,Little Baby Bum - Nursery Rhymes & Kids Songs,41000000.0,Education,YouTube
127,T-Series Bollywood Classics,41000000.0,Music,YouTube
128,TEDx Talks,41000000.0,Other,YouTube
129,GR6 EXPLODE,40900000.0,Music,YouTube
130,Techno Gamerz,40900000.0,Gaming,YouTube
131,@joealbanese,40800000.0,Family,TikTok
132,Shorts Break,40700000.0,Comedy,YouTube
133,YouTube,40700000.0,News & Politics,YouTube
134,@gordonramsayofficial,40500000.0,Food,TikTok
135,à¸à¹à¸­à¸ one31,40500000.0,Entertainment,YouTube
136,XXXTENTACION,40500000.0,Music,YouTube
137,MR. INDIAN HACKER,40400000.0,Science & Technology,YouTube
138,Like Nastya ESP,40400000.0,Entertainment,YouTube
139,elrubiusOMG,40300000.0,Gaming,YouTube
140,Ultra Bollywood,40200000.0,Other,YouTube
141,La Granja de ZenÃ³n,40100000.0,Music,YouTube
142,AboFlah,40100000.0,Gaming,YouTube
143,HUM TV,39800000.0,Entertainment,YouTube
144,Jingle Toons,39600000.0,Film & Animation,YouTube
145,@carlosferiag,39200000.0,Unknown,TikTok
146,Daddy Yankee,39000000.0,Music,YouTube
147,Akshay Nagwadiya,38800000.0,Entertainment,YouTube
148,@ondymikula,38800000.0,Unknown,TikTok
149,Frost Diamond,38800000.0,Gaming,YouTube
150,@shakira,38700000.0,Entertainment,TikTok
151,Alfredo Larin,38600000.0,Entertainment,YouTube
152,One Direction,38600000.0,Music,YouTube
153,@scottsreality,38400000.0,Entertainment,TikTok
154,LankyBox,38400000.0,Comedy,YouTube
155,TheEllenShow,38200000.0,Entertainment,YouTube
156,Bruno Mars,38100000.0,Music,YouTube
157,@barstoolsports,37900000.0,Entertainment,TikTok
158,Jkk Entertainment,37900000.0,Comedy,YouTube
159,Gulshan Kalra,37300000.0,Howto & Style,YouTube
160,Ryan's World,37200000.0,Entertainment,YouTube
161,Maroon 5,37000000.0,Music,YouTube
162,BabyBus - Kids Songs and Cartoons,37000000.0,Education,YouTube
163,Ozuna,36900000.0,Music,YouTube
164,T-Series Apna Punjab,36800000.0,Music,YouTube
165,WowKidz,36800000.0,Film & Animation,YouTube
166,Markiplier,36700000.0,Gaming,YouTube
167,KAROL G,36600000.0,Music,YouTube
168,Enaldinho,36600000.0,Comedy,YouTube
169,Junya.ãããã,36500000.0,Entertainment,YouTube
170,Rajshri,36400000.0,Music,YouTube
171,Heroindori,36300000.0,Comedy,YouTube
172,@jamescharles,36200000.0,Beauty,TikTok
173,Zee News,36200000.0,News & Politics,YouTube
174,CVS 3D Rhymes & Kids Songs,36000000.0,Education,YouTube
175,Galinha Pintadinha,36000000.0,Film & Animation,YouTube
176,LeoNata Family,35700000.0,People & Blogs,YouTube
177,GMA  Network,35600000.0,Entertainment,YouTube
178,Zhong,35600000.0,Entertainment,YouTube
179,Peppa Pig - Official Channel,35600000.0,Film & Animation,YouTube
180,@kylethomas,35400000.0,Unknown,TikTok
181,Lucas and Marcus,35400000.0,Entertainment,YouTube
182,@arianagrande,35300000.0,Entertainment,TikTok
183,The Weeknd,35300000.0,Music,YouTube
184,Geet MP3,35300000.0,Music,YouTube
185,Priyal Kukreja,35300000.0,People & Blogs,YouTube
186,@qpark,35200000.0,Unknown,TikTok
187,â Kids Roma Show,35200000.0,People & Blogs,YouTube
188,Spider Slack,35200000.0,Comedy,YouTube
189,@gilmhercroes,35100000.0,Entertainment,TikTok
190,Zach King,35100000.0,Entertainment,YouTube
191,Juan De Dios Pantoja,35000000.0,Entertainment,YouTube
192,Ch3Thailand,35000000.0,Entertainment,YouTube
193,Worldwide Records Bhojpuri,34900000.0,Music,YouTube
194,DisneyMusicVEVO,34900000.0,Music,YouTube
195,@imkevinhart,34700000.0,Entertainment,TikTok
196,@thekiryalife,34700000.0,Entertainment,TikTok
197,Anaya Kandhal,34700000.0,Entertainment,YouTube
198,Selena Gomez,34600000.0,Film & Animation,YouTube
199,SSSniperWolf,34500000.0,Gaming,YouTube
200,tuzelity SHUFFLE,34400000.0,People & Blogs,YouTube
201,J Balvin,34400000.0,Music,YouTube
202,Dangal TV Channel,34300000.0,Entertainment,YouTube
203,@pongamoslo_a_prueba,34200000.0,Unknown,TikTok
204,Jason Derulo,34100000.0,Music,YouTube
205,VEGETTA777,34100000.0,Gaming,YouTube
206,Eros Now Music,34100000.0,Entertainment,YouTube
207,Beast Reacts,34000000.0,People & Blogs,YouTube
208,Masha y el Oso,34000000.0,Film & Animation,YouTube
209,Desi Music Factory,33900000.0,Music,YouTube
210,KHANDESHI MOVIES,33800000.0,Comedy,YouTube
211,NoCopyrightSounds,33700000.0,Music,YouTube
212,mujjuu___14,33600000.0,People & Blogs,YouTube
213,@thatlittlepuff,33500000.0,Pets & Animals,TikTok
214,rezendeevil,33500000.0,Gaming,YouTube
215,ISSEI / ãã£ãã,33500000.0,Comedy,YouTube
216,Mr Bean,33400000.0,Shows,YouTube
217,Round2hell,33400000.0,Comedy,YouTube
218,Marta and Rustam,33400000.0,Comedy,YouTube
219,@montpantoja,33299999.999999996,Unknown,TikTok
220,@brookemonk_,33200000.000000004,Entertainment,TikTok
221,Aditya Movies,33000000.0,Other,YouTube
222,unknown boy varun,33000000.0,Music,YouTube
223,Celine Dept,32900000.0,Sports,YouTube
224,DONA ëë,32800000.0,Entertainment,YouTube
225,PokÃ©mon Asia Official (Hindi),32800000.0,People & Blogs,YouTube
226,Shemaroo Movies,32700000.0,Entertainment,YouTube
227,Topper Guild,32700000.0,Comedy,YouTube
228,Ian Lucas,32500000.0,Entertainment,YouTube
229,SMTOWN,32500000.0,Music,YouTube
230,Aditya Music,32300000.0,Music,YouTube
231,Willie Salim,32200000.0,People & Blogs,YouTube
232,@devonrodriguezart,32100000.0,Arts and Crafts,TikTok
233,Little Angel: Nursery Rhymes & Kids Songs,32000000.0,Education,YouTube
234,infobells - Telugu,32000000.0,Education,YouTube
235,That Little Puff,32000000.0,Pets & Animals,YouTube
236,Dream,31900000.0,Gaming,YouTube
237,GENIAL,31900000.0,Howto & Style,YouTube
238,Brent Rivera,31800000.0,Comedy,YouTube
239,Luis Fonsi,31800000.0,Entertainment,YouTube
240,infobells - Tamil,31800000.0,Education,YouTube
241,Talking Tom,31800000.0,Comedy,YouTube
242,ImagineDragons,31700000.0,Music,YouTube
243,Goldmines Dishoom,31700000.0,Film & Animation,YouTube
244,The Tonight Show Starring Jimmy Fallon,31700000.0,Comedy,YouTube
245,@indiskovar3.0,31600000.0,Unknown,TikTok
246,MaviGadget,31600000.0,Entertainment,YouTube
247,Tilak,31600000.0,Film & Animation,YouTube
248,@lelepons,31500000.0,Unknown,TikTok
249,NichLmao,31500000.0,People & Blogs,YouTube
250,JustinBieberVEVO,31400000.0,Music,YouTube
251,AH,31400000.0,Entertainment,YouTube
252,Karla Bustillos,31400000.0,Entertainment,YouTube
253,@badbunny,31400000.0,Unknown,TikTok
254,Adele,31300000.0,Music,YouTube
255,BeatboxJCOP,31300000.0,Film & Animation,YouTube
256,Spinnin' Records,31200000.0,Music,YouTube
257,@stokestwins,31200000.0,Entertainment,TikTok
258,@lagranjadelborrego,31200000.0,Unknown,TikTok
259,@kirakosarin,31100000.0,Unknown,TikTok
260,Indosiar,31000000.0,Music,YouTube
261,Ishaan Ali 11,31000000.0,People & Blogs,YouTube
262,Goldmines Bollywood,30900000.0,Film & Animation,YouTube
263,@rosalia,30900000.0,Unknown,TikTok
264,jacksepticeye,30700000.0,Gaming,YouTube
265,Chotanawab,30700000.0,Entertainment,YouTube
266,Daniel LaBelle,30700000.0,Comedy,YouTube
267,Ultra Records,30700000.0,Music,YouTube
268,Crazy XYZ,30600000.0,Entertainment,YouTube
269,Tsuriki Show,30600000.0,Entertainment,YouTube
270,Michael Jackson,30500000.0,Music,YouTube
271,@soybans,30400000.0,Unknown,TikTok
272,ashish chanchlani vines,30400000.0,Comedy,YouTube
273,Azhan5star,30400000.0,Entertainment,YouTube
274,D Billions,30400000.0,Entertainment,YouTube
275,Hamster Kombat,30400000.0,People & Blogs,YouTube
276,Trap Nation,30300000.0,Music,YouTube
277,Shawn Mendes,30200000.0,Music,YouTube
278,@its.michhh,30200000.0,Unknown,TikTok
279,@lizzza,30200000.0,Unknown,TikTok
280,Nick Jr.,30200000.0,Film & Animation,YouTube
281,Drake,30000000.0,Music,YouTube
282,Maluma,30000000.0,Music,YouTube
283,The Lallantop,30000000.0,News & Politics,YouTube
284,Kids TV - Nursery Rhymes And Baby Songs,29900000.0,Shows,YouTube
285,Mr DegrEE,29900000.0,Science & Technology,YouTube
286,Yoeslan,29700000.0,Entertainment,YouTube
287,Bounce Patrol - Kids Songs,29600000.0,Music,YouTube
288,JYP Entertainment,29300000.0,Music,YouTube
289,toycantando,29200000.0,Music,YouTube
290,@beca,29200000.0,Travel,TikTok
291,Ami Rodriguez,29100000.0,Entertainment,YouTube
292,AuronPlay,29100000.0,Comedy,YouTube
293,@topperguild,29000000.0,Entertainment,TikTok
294,YOLO,28800000.0,Comedy,YouTube
295,DanTDM,28800000.0,Gaming,YouTube
296,dednahype,28700000.0,Comedy,YouTube
297,Sandeep Maheshwari,28500000.0,People & Blogs,YouTube
298,Zach Choi ASMR,28500000.0,People & Blogs,YouTube
299,Wiz Khalifa,28500000.0,Music,YouTube
300,Renato Garcia YT,28400000.0,Entertainment,YouTube
301,The Late Late Show with James Corden,28400000.0,Entertainment,YouTube
302,Ben Azelart,28400000.0,Film & Animation,YouTube
303,Netflix,28400000.0,Entertainment,YouTube
304,ABPLIVE,28300000.0,People & Blogs,YouTube
305,America's Got Talent,28300000.0,Entertainment,YouTube
306,@ignaciaa_antonia,28200000.0,Beauty,TikTok
307,Sujal Thakral,28000000.0,Comedy,YouTube
308,Raffy Tulfo in Action,28000000.0,News & Politics,YouTube
309,@camilo,28000000.0,Unknown,TikTok
310,Danny Fitt,27900000.0,People & Blogs,YouTube
311,Alan Becker,27800000.0,Film & Animation,YouTube
312,WB Kids,27800000.0,People & Blogs,YouTube
313,@juandaniel.ibarra,27600000.0,Unknown,TikTok
314,Sun TV,27500000.0,People & Blogs,YouTube
315,Filmy Suraj Actor,27400000.0,Entertainment,YouTube
316,@sia_jiwoo,27400000.0,Unknown,TikTok
317,@lexibrookerivera,27400000.0,Unknown,TikTok
318,Neetu Bisht,27400000.0,Entertainment,YouTube
319,enchufetv,27400000.0,Comedy,YouTube
320,ZHC,27400000.0,Film & Animation,YouTube
321,Pen Movies,27300000.0,Film & Animation,YouTube
322,Sourav Joshi Vlogs,27200000.0,People & Blogs,YouTube
323,BeyoncÃ©,27200000.0,Music,YouTube
324,ToyPuddingTV,27200000.0,Entertainment,YouTube
325,Post Malone,27100000.0,Music,YouTube
326,@keemokazi,27000000.0,Unknown,TikTok
327,Dan Rhodes,27000000.0,Entertainment,YouTube
328,WORLDSTARHIPHOP,26900000.0,Music,YouTube
329,Nicki Minaj,26900000.0,Music,YouTube
330,Chris Brown,26800000.0,Music,YouTube
331,Anuel AA,26700000.0,Music,YouTube
332,Smosh,26700000.0,Comedy,YouTube
333,_vector_,26700000.0,Comedy,YouTube
334,Kidibli (Kinder Spielzeug Kanal),26700000.0,Entertainment,YouTube
335,Bobby chourasiya,26700000.0,People & Blogs,YouTube
336,@psg,26700000.0,Sports,TikTok
337,Vania Mania Kids,26700000.0,People & Blogs,YouTube
338,Bayashi TV,26700000.0,Entertainment,YouTube
339,David Guetta,26600000.0,Music,YouTube
340,Preston,26600000.0,Gaming,YouTube
341,Rafa & Luiz,26600000.0,Entertainment,YouTube
342,Like Nastya AE,26500000.0,Entertainment,YouTube
343,Goldmines Movies,26500000.0,Film & Animation,YouTube
344,Ultra Movie Parlour,26500000.0,Other,YouTube
345,Diana and Roma EN,26500000.0,People & Blogs,YouTube
346,LosPolinesios,26400000.0,People & Blogs,YouTube
347,@baderalsafar,26400000.0,Beauty,TikTok
348,BB Ki Vines,26400000.0,Entertainment,YouTube
349,Coldplay,26400000.0,Music,YouTube
350,BigSchool,26400000.0,Gaming,YouTube
351,1MILLION Dance Studio,26300000.0,Entertainment,YouTube
352,TRANS7 OFFICIAL,26300000.0,Entertainment,YouTube
353,News18 India,26300000.0,News & Politics,YouTube
354,@jashlem,26300000.0,Unknown,TikTok
355,@jeison_giraldo,26300000.0,Romance and Wedding,TikTok
356,Maya and Mary,26200000.0,Entertainment,YouTube
357,Peppa Pig EspaÃ±ol Latino - Canal Oficial,26200000.0,Film & Animation,YouTube
358,Rans Entertainment,26100000.0,People & Blogs,YouTube
359,@jimena.jimenezr,26100000.0,Entertainment,TikTok
360,@daviddobrik,26000000.0,Entertainment,TikTok
361,@dojacat,26000000.0,Entertainment,TikTok
362,@larrayeeee,25900000.0,Unknown,TikTok
363,@era_ays,25900000.0,Unknown,TikTok
364,VanossGaming,25900000.0,Gaming,YouTube
365,CaÃ­n GuzmÃ¡n,25900000.0,Entertainment,YouTube
366,jaanvi patel,25900000.0,People & Blogs,YouTube
367,FaZe Rug,25900000.0,Gaming,YouTube
368,Venus Entertainment,25800000.0,Entertainment,YouTube
369,LIV Crime,25800000.0,People & Blogs,YouTube
370,MrBeast en EspaÃ±ol,25800000.0,Entertainment,YouTube
371,@karla.bustillos,25700000.0,Unknown,TikTok
372,The geeta gurjar,25700000.0,Entertainment,YouTube
373,SMOL,25600000.0,People & Blogs,YouTube
374,Aja Kitchen,25500000.0,Entertainment,YouTube
375,TaylorSwiftVEVO,25500000.0,Music,YouTube
376,IShowSpeed,25500000.0,Gaming,YouTube
377,WatchMojo.com,25400000.0,Music,YouTube
378,toyorbabytv,25400000.0,Music,YouTube
379,Las Ratitas,25400000.0,People & Blogs,YouTube
380,@jaykindafunny8,25400000.0,Entertainment,TikTok
381,@arnaldomangini,25400000.0,Beauty,TikTok
382,Chloe Ting,25300000.0,Howto & Style,YouTube
383,@malutrevejo,25200000.0,Unknown,TikTok
384,BabyBus - Canciones Infantiles & Videos para NiÃ±os,25100000.0,Education,YouTube
385,@arigameplays,25100000.0,Gaming,TikTok
386,Filaretiki,25000000.0,People & Blogs,YouTube
387,The Royalty Family,25000000.0,People & Blogs,YouTube
388,Beast Philanthropy,25000000.0,People & Blogs,YouTube
389,Village Cooking Channel,25000000.0,Howto & Style,YouTube
390,Chapitosiki,25000000.0,Entertainment,YouTube
391,RihannaVEVO,24900000.0,Music,YouTube
392,Koray Zeynep,24900000.0,People & Blogs,YouTube
393,@dina,24900000.0,Unknown,TikTok
394,Goldmines Cineplex,24800000.0,Film & Animation,YouTube
395,BEN EAGLE,24800000.0,Entertainment,YouTube
396,DUDU e CAROL,24700000.0,Other,YouTube
397,Wave Music Bhojpuri,24700000.0,Music,YouTube
398,Yuya,24700000.0,Howto & Style,YouTube
399,Miss Katy,24700000.0,People & Blogs,YouTube
400,Narendra Modi,24700000.0,News & Politics,YouTube
401,@donaldducc,24700000.0,Pets & Animals,TikTok
402,EminemVEVO,24600000.0,Music,YouTube
403,ViralHog,24600000.0,People & Blogs,YouTube
404,Enrique Iglesias,24600000.0,Music,YouTube
405,Sidhu Moose Wala,24600000.0,Music,YouTube
406,Valentina Pontes ofc,24600000.0,Film & Animation,YouTube
407,TED,24600000.0,People & Blogs,YouTube
408,KatyPerryVEVO,24500000.0,Music,YouTube
409,Soy Suco,24500000.0,Gaming,YouTube
410,Mister Max,24500000.0,People & Blogs,YouTube
411,@victormelo,24500000.0,Unknown,TikTok
412,@adrilatinatv,24500000.0,Unknown,TikTok
413,Amit Bhadana,24400000.0,Entertainment,YouTube
414,DJ Snake,24400000.0,Music,YouTube
415,Vijay Television,24400000.0,Entertainment,YouTube
416,ToRung,24300000.0,Entertainment,YouTube
417,Like Nastya PRT,24300000.0,Entertainment,YouTube
418,Eva Bravo Play,24300000.0,Entertainment,YouTube
419,CuRe êµ¬ë,24300000.0,Comedy,YouTube
420,invictor,24200000.0,Gaming,YouTube
421,Disney LatinoamÃ©rica,24200000.0,Entertainment,YouTube
422,Unbox Therapy,24200000.0,Science & Technology,YouTube
423,KSI,24100000.0,Entertainment,YouTube
424,@terrycrews,24100000.0,Entertainment,TikTok
425,Jake Fellman,24100000.0,Entertainment,YouTube
426,@the_mannii,24100000.0,Unknown,TikTok
427,Netflix India,24100000.0,People & Blogs,YouTube
428,GMM GRAMMY OFFICIAL,24100000.0,Music,YouTube
429,Lady Gaga,24100000.0,People & Blogs,YouTube
430,@chinguamiga,24100000.0,Food,TikTok
431,Ishtar Punjabi,24000000.0,Entertainment,YouTube
432,Sony AATH,24000000.0,Shows,YouTube
433,SOMOY TV,24000000.0,News & Politics,YouTube
434,Collins Key,24000000.0,Entertainment,YouTube
435,NickyJamTV,23900000.0,Music,YouTube
436,Troom Troom,23900000.0,Howto & Style,YouTube
437,Mariano Razo,23900000.0,Entertainment,YouTube
438,Sesame Street,23900000.0,Entertainment,YouTube
439,@nicollefigueroaa,23900000.0,Unknown,TikTok
440,Ninja,23800000.0,Gaming,YouTube
441,SSundee,23800000.0,Gaming,YouTube
442,James Charles,23800000.0,Entertainment,YouTube
443,deepesh zo,23800000.0,People & Blogs,YouTube
444,Rotana,23700000.0,Music,YouTube
445,Nick Pro,23700000.0,Sports,YouTube
446,@jacobsartorius,23700000.0,Entertainment,TikTok
447,@luara,23600000.0,Unknown,TikTok
448,Jelly,23600000.0,Gaming,YouTube
449,Dua Lipa,23600000.0,Music,YouTube
450,Susy Mouriz,23600000.0,Entertainment,YouTube
451,Logan Paul,23500000.0,Entertainment,YouTube
452,Jordan Matter,23500000.0,Entertainment,YouTube
453,Technical Guruji,23500000.0,Science & Technology,YouTube
454,Tlnovelas,23500000.0,News & Politics,YouTube
455,GMA Public  Affairs,23500000.0,Entertainment,YouTube
456,Justin Flom,23500000.0,Entertainment,YouTube
457,FGTeeV,23400000.0,Gaming,YouTube
458,Taarak Mehta Ka Ooltah Chashmah,23400000.0,Entertainment,YouTube
459,7clouds,23400000.0,Music,YouTube
460,Sia,23400000.0,Music,YouTube
461,DrossRotzank,23400000.0,Entertainment,YouTube
462,ì¹ë¹ë Seungbini,23400000.0,People & Blogs,YouTube
463,@vancityreynolds,23300000.0,Unknown,TikTok
464,Pragati Verma Shorts,23300000.0,Comedy,YouTube
465,Khan GS Research Centre,23200000.0,Education,YouTube
466,National Geographic,23200000.0,Science & Technology,YouTube
467,Pink Shirt Girl,23200000.0,Entertainment,YouTube
468,Wow Kidz Action,23200000.0,Film & Animation,YouTube
469,RKD Studios,23100000.0,Entertainment,YouTube
470,mmoshaya,23100000.0,People & Blogs,YouTube
471,Younes Zarou,23100000.0,Entertainment,YouTube
472,Panda Shorts,23100000.0,Comedy,YouTube
473,Kritika Channel,23000000.0,People & Blogs,YouTube
474,BabyBus - Cerita & Lagu Anak-anak,23000000.0,Education,YouTube
475,Infinite,23000000.0,Entertainment,YouTube
476,Happy Monkey,22900000.0,Science & Technology,YouTube
477,DeGoBooM,22900000.0,Gaming,YouTube
478,Republic Bharat,22900000.0,News & Politics,YouTube
479,Deddy Corbuzier,22900000.0,Entertainment,YouTube
480,Goldmines Great Indian Comedy,22900000.0,Film & Animation,YouTube
481,Dhruv Rathee,22700000.0,Entertainment,YouTube
482,Paulo Londra,22700000.0,Music,YouTube
483,RubÃ©n Tuesta oficial,22700000.0,Comedy,YouTube
484,The Chainsmokers,22700000.0,Music,YouTube
485,ANNA KOVA,22700000.0,People & Blogs,YouTube
486,@laurengodwin,22600000.0,Entertainment,TikTok
487,Ajay Sharma,22600000.0,Entertainment,YouTube
488,Tappu Honey Parmar,22600000.0,Music,YouTube
489,ILYA BORZOV,22600000.0,People & Blogs,YouTube
490,@mingweirocks,22500000.0,Unknown,TikTok
491,Charlie Puth,22500000.0,Music,YouTube
492,à¤¹à¤¿à¤à¤¦à¥ - Genevieve's Playhouse,22500000.0,Education,YouTube
493,Kurzgesagt â In a Nutshell,22500000.0,Education,YouTube
494,Kiddiestv Hindi - Nursery Rhymes & Kids Songs,22500000.0,Education,YouTube
495,@iamcardib,22400000.0,Unknown,TikTok
496,Bispo Bruno Leonardo,22400000.0,Other,YouTube
497,Triggered Insaan,22300000.0,Comedy,YouTube
498,@latiktokeuse869,22200000.0,Entertainment,TikTok
499,Tekashi 6ix9ine,22200000.0,People & Blogs,YouTube
500,MiawAug,22200000.0,Gaming,YouTube
501,Bizarrap,22200000.0,Comedy,YouTube
502,El Payaso Plim Plim,22200000.0,Film & Animation,YouTube
503,@marrkadams,22100000.0,Unknown,TikTok
504,@anitta,22100000.0,Unknown,TikTok
505,@lance210,22100000.0,Entertainment,TikTok
506,@mackenzieziegler,22100000.0,Unknown,TikTok
507,LazarBeam,22100000.0,Gaming,YouTube
508,Lyrical Lemonade,22100000.0,Entertainment,YouTube
509,Dhar Mann Studios,22100000.0,People & Blogs,YouTube
510,Smile Family,22100000.0,People & Blogs,YouTube
511,@chang._.a,22000000.0,Unknown,TikTok
512,Prime Video India,22000000.0,Entertainment,YouTube
513,Ravi sagar88,22000000.0,Entertainment,YouTube
514,Ninja Kidz TV,22000000.0,Entertainment,YouTube
515,@rominagafur,22000000.0,Entertainment,TikTok
516,How Ridiculous,21900000.0,Sports,YouTube
517,GH'S,21900000.0,Gaming,YouTube
518,@jmartineze_,21900000.0,Entertainment,TikTok
519,@cainguzman,21900000.0,Unknown,TikTok
520,Becky G,21900000.0,Music,YouTube
521,News 24,21900000.0,News & Politics,YouTube
522,NBA,21900000.0,Sports,YouTube
523,Vsauce,21900000.0,Science & Technology,YouTube
524,Fatos Desconhecidos,21900000.0,Entertainment,YouTube
525,And TV,21800000.0,Entertainment,YouTube
526,Yudist Ardhana,21700000.0,Entertainment,YouTube
527,Romeo Santos,21700000.0,Music,YouTube
528,OneDirectionVEVO,21700000.0,Music,YouTube
529,@korea.on,21500000.0,Unknown,TikTok
530,Naisa Alifia Yuriza (N.A.Y),21500000.0,People & Blogs,YouTube
531,Chuster,21500000.0,Entertainment,YouTube
532,XO TEAM,21500000.0,People & Blogs,YouTube
533,BigChungus,21500000.0,Entertainment,YouTube
534,@brycehall,21500000.0,Entertainment,TikTok
535,Linkin Park,21400000.0,Music,YouTube
536,Brave Wilderness,21400000.0,Pets & Animals,YouTube
537,Tasty,21400000.0,Howto & Style,YouTube
538,Baim Paula,21400000.0,People & Blogs,YouTube
539,Mau McMahon,21300000.0,Entertainment,YouTube
540,Natan por AÃ­,21300000.0,Sports,YouTube
541,MSA previously My Story Animated,21300000.0,Film & Animation,YouTube
542,Noman Official,21300000.0,Comedy,YouTube
543,Sidemen,21300000.0,Entertainment,YouTube
544,CookieSwirlC,21300000.0,Entertainment,YouTube
545,@pkllipe,21300000.0,Unknown,TikTok
546,@seandoesmagic,21300000.0,Unknown,TikTok
547,Dr. Vivek Bindra: Motivational Speaker,21200000.0,Education,YouTube
548,JosÃ© ComilÃ£o,21200000.0,Film & Animation,YouTube
549,Emiway Bantai,21200000.0,Music,YouTube
550,Official Pink Panther,21100000.0,Film & Animation,YouTube
551,etvteluguindia,21100000.0,Entertainment,YouTube
552,Masha e o Urso,21100000.0,Shows,YouTube
553,FIFA,21100000.0,Sports,YouTube
554,@livbedumb,21100000.0,Entertainment,TikTok
555,@thehypehouse,21100000.0,Entertainment,TikTok
556,@amadorat,21000000.0,Unknown,TikTok
557,Mnet K-POP,21000000.0,Entertainment,YouTube
558,Robin Hood Gamer,21000000.0,Entertainment,YouTube
559,ÐÐÐÐÐ¢,21000000.0,People & Blogs,YouTube
560,Green Gold TV - Official Channel,21000000.0,Film & Animation,YouTube
561,Avicii,21000000.0,Music,YouTube
562,DLS News,20900000.0,News & Politics,YouTube
563,Aphmau,20900000.0,Gaming,YouTube
564,nigahiga,20900000.0,Entertainment,YouTube
565,Kajal Soni,20900000.0,People & Blogs,YouTube
566,SCTV,20900000.0,Entertainment,YouTube
567,Salman Noman,20900000.0,Entertainment,YouTube
568,@brodywellmaker,20900000.0,Entertainment,TikTok
569,@mercuri_88,20900000.0,Unknown,TikTok
570,Noor Stars,20900000.0,Comedy,YouTube
571,@willywonkatiktok,20800000.0,Unknown,TikTok
572,Gusttavo Lima Oficial,20800000.0,Music,YouTube
573,SlivkiShow,20800000.0,Entertainment,YouTube
574,Got Talent Global,20800000.0,Entertainment,YouTube
575,Canal Canalha,20800000.0,Comedy,YouTube
576,boxtoxtv,20700000.0,Comedy,YouTube
577,@claragnds,20700000.0,Entertainment,TikTok
578,Like Nastya Vlog,20700000.0,People & Blogs,YouTube
579,SUPER SLICK SLIME SAM,20700000.0,Howto & Style,YouTube
580,Gordon Ramsay,20700000.0,Entertainment,YouTube
581,Jake Paul,20700000.0,People & Blogs,YouTube
582,@twice_tiktok_official,20600000.0,Entertainment,TikTok
583,@mks.vision,20600000.0,Unknown,TikTok
584,@jiffpom,20600000.0,Pets & Animals,TikTok
585,Tibo InShape,20600000.0,Sports,YouTube
586,Vijay Kumar Viner Vlogs,20600000.0,Entertainment,YouTube
587,Clash of Clans,20600000.0,Gaming,YouTube
588,5-Minute Crafts DIY,20500000.0,Howto & Style,YouTube
589,Marvel Entertainment,20500000.0,Entertainment,YouTube
590,@elpanaarabe,20400000.0,Entertainment,TikTok
591,albert_cancook,20400000.0,Howto & Style,YouTube
592,Britain's Got Talent,20400000.0,Entertainment,YouTube
593,TV9 Bharatvarsh,20400000.0,People & Blogs,YouTube
594,Skrillex,20300000.0,Music,YouTube
595,AS Gaming,20300000.0,Gaming,YouTube
596,Little Angel EspaÃ±ol - Canciones Infantiles,20300000.0,Education,YouTube
597,Troom Troom Es,20300000.0,People & Blogs,YouTube
598,@nickiminaj,20300000.0,Entertainment,TikTok
599,vlogger varun,20300000.0,Entertainment,YouTube
600,@itstaylerholder,20200000.0,Entertainment,TikTok
601,Pentatonix,20200000.0,Music,YouTube
602,Shemaroo Comedy,20200000.0,Entertainment,YouTube
603,tabii Urdu,20200000.0,Entertainment,YouTube
604,Blippi - Educational Videos for Kids,20100000.0,Education,YouTube
605,TED-Ed,20100000.0,Education,YouTube
606,5-Minute Crafts PLAY,20100000.0,Howto & Style,YouTube
607,@aliizquierdo_,20100000.0,Entertainment,TikTok
608,@tra.dang.904,20100000.0,Entertainment,TikTok
609,AuthenticGames,20100000.0,Gaming,YouTube
610,scottsreality,20100000.0,Entertainment,YouTube
611,REACT,20000000.0,Entertainment,YouTube
612,Saito,20000000.0,Entertainment,YouTube
613,BuzzFeedVideo,20000000.0,People & Blogs,YouTube
614,Peet Montzingo,20000000.0,People & Blogs,YouTube
615,Vevo,20000000.0,Music,YouTube
616,GOLU008,20000000.0,People & Blogs,YouTube
617,Pencilmation,20000000.0,Film & Animation,YouTube
618,Turma da MÃ´nica,20000000.0,Film & Animation,YouTube
619,SonyMusicSouthVEVO,20000000.0,Music,YouTube
620,Painzeiro,20000000.0,People & Blogs,YouTube
621,Les' Copaque Production,19900000.0,Film & Animation,YouTube
622,Jason Vlogs,19900000.0,Education,YouTube
623,Family GamesTV,19900000.0,Entertainment,YouTube
624,La Granja del Borrego,19800000.0,Pets & Animals,YouTube
625,@nutshellanimations,19800000.0,Animation and Cosplay,TikTok
626,@samuellopez_,19800000.0,Education,TikTok
627,TheOdd1sOut,19800000.0,Comedy,YouTube
628,Matheus Kriwat,19800000.0,Entertainment,YouTube
629,Fun For Kids TV - Hindi Rhymes,19800000.0,Entertainment,YouTube
630,Sonotek,19800000.0,Entertainment,YouTube
631,Like Nastya VNM,19800000.0,Entertainment,YouTube
632,GRAMMY GOLD OFFICIAL,19800000.0,Music,YouTube
633,@nickaufmann,19700000.0,Photography,TikTok
634,@gavrilinaa,19700000.0,Beauty,TikTok
635,@maisa,19700000.0,Arts and Crafts,TikTok
636,@alex.stemp,19700000.0,Photography,TikTok
637,Cute.Shivani.05,19700000.0,People & Blogs,YouTube
638,æå­æ Liziqi,19700000.0,Howto & Style,YouTube
639,Disney Junior,19700000.0,Entertainment,YouTube
640,KBS WORLD TV,19700000.0,Entertainment,YouTube
641,Ricky Limon,19600000.0,Entertainment,YouTube
642,@sofia_mata_yeas,19600000.0,Entertainment,TikTok
643,JennaMarbles,19600000.0,Comedy,YouTube
644,JukiLop,19600000.0,People & Blogs,YouTube
645,@deiryvargas,19600000.0,Acting and Drama,TikTok
646,@luvadepedreiro,19600000.0,Unknown,TikTok
647,HaerteTest,19600000.0,Science & Technology,YouTube
648,@busta_brothers,19500000.0,Entertainment,TikTok
649,@jordi.koalitic,19500000.0,Photography,TikTok
650,Supercar Blondie,19500000.0,Other,YouTube
651,HiMan,19500000.0,People & Blogs,YouTube
652,Jesser,19500000.0,Gaming,YouTube
653,Jimmy Kimmel Live,19500000.0,Entertainment,YouTube
654,ììTwinsFromRussia,19400000.0,People & Blogs,YouTube
655,Farruko,19400000.0,Music,YouTube
656,Cardi B,19400000.0,People & Blogs,YouTube
657,Crafty Panda,19400000.0,People & Blogs,YouTube
658,Matt Larose,19400000.0,Sports,YouTube
659,Infobells Bangla,19300000.0,Education,YouTube
660,@ruivinhademarte,19300000.0,Entertainment,TikTok
661,@sand.tagious,19300000.0,Unknown,TikTok
662,Lucan Pevidor,19300000.0,Entertainment,YouTube
663,La Rosa de Guadalupe,19300000.0,Entertainment,YouTube
664,Hasan Tarhan,19300000.0,People & Blogs,YouTube
665,Lil Nas X,19300000.0,Music,YouTube
666,The Game Theorists,19300000.0,Gaming,YouTube
667,DM - Desi Melodies,19300000.0,Music,YouTube
668,Calvin Harris,19300000.0,Music,YouTube
669,GuiGe,19200000.0,Entertainment,YouTube
670,zbing z.,19200000.0,Gaming,YouTube
671,Like Nastya IDN,19200000.0,Entertainment,YouTube
672,Go Ami Go!,19200000.0,People & Blogs,YouTube
673,Miley Cyrus,19200000.0,Entertainment,YouTube
674,@kira_smrn,19200000.0,Beauty,TikTok
675,@nnursema,19200000.0,Education,TikTok
676,@tyshonlawrence,19100000.0,Entertainment,TikTok
677,@spicyycam_,19100000.0,Food,TikTok
678,Apple,19100000.0,Science & Technology,YouTube
679,Marques Brownlee,19100000.0,Science & Technology,YouTube
680,LOL,19100000.0,People & Blogs,YouTube
681,Sony LIV,19000000.0,Entertainment,YouTube
682,Bollywood Classics,19000000.0,Entertainment,YouTube
683,Marmok,19000000.0,Gaming,YouTube
684,tanboy kun,19000000.0,People & Blogs,YouTube
685,NMF News,18900000.0,News & Politics,YouTube
686,Mrwhosetheboss,18900000.0,Science & Technology,YouTube
687,Ali-A,18900000.0,Gaming,YouTube
688,shane,18900000.0,People & Blogs,YouTube
689,MoreAliA,18900000.0,Gaming,YouTube
690,SQUEEZIE,18900000.0,Gaming,YouTube
691,@julesleblanc,18900000.0,Unknown,TikTok
692,MissaSinfonia,18900000.0,Comedy,YouTube
693,Linh Nhi Shorts,18900000.0,Gaming,YouTube
694,@blythe,18800000.0,Entertainment,TikTok
695,Zuni and Family,18800000.0,People & Blogs,YouTube
696,CKN,18800000.0,Entertainment,YouTube
697,officialpsy,18800000.0,Music,YouTube
698,HikakinTV,18800000.0,Comedy,YouTube
699,Colors Rishtey,18800000.0,Entertainment,YouTube
700,@jackblack,18800000.0,Entertainment,TikTok
701,Moosa Tv Info,18700000.0,Entertainment,YouTube
702,Diana Belitskay,18700000.0,People & Blogs,YouTube
703,sagar kalra (Shorts),18700000.0,People & Blogs,YouTube
704,Manual do Mundo,18700000.0,Howto & Style,YouTube
705,PDK Films,18700000.0,Entertainment,YouTube
706,A2 Motivation by Arvind Arora,18700000.0,Entertainment,YouTube
707,El Reino a Jugar,18700000.0,Education,YouTube
708,BBC News Hindi,18700000.0,News & Politics,YouTube
709,GEN HALILINTAR,18700000.0,Entertainment,YouTube
710,Dan-Sa / Daniel Saboya,18700000.0,Music,YouTube
711,Good Mythical Morning,18700000.0,Entertainment,YouTube
712,@linhbarbie,18700000.0,Beauty,TikTok
713,@emirabdulgani,18700000.0,Unknown,TikTok
714,@margo_flury,18700000.0,Acting and Drama,TikTok
715,@karinakross,18700000.0,Unknown,TikTok
716,@mileycyrus,18700000.0,Entertainment,TikTok
717,@adaliatta,18600000.0,Beauty,TikTok
718,Mazhavil Manorama,18600000.0,Entertainment,YouTube
719,KatieAngel,18600000.0,People & Blogs,YouTube
720,SriBalajiMovies,18600000.0,Entertainment,YouTube
721,CoryxKenshin,18600000.0,Gaming,YouTube
722,Cheri's World,18600000.0,People & Blogs,YouTube
723,@onlyjayus,18600000.0,Entertainment,TikTok
724,@joeyklaasen,18600000.0,Entertainment,TikTok
725,@nessaabarrett,18500000.0,Unknown,TikTok
726,Daily Dose Of Internet,18500000.0,Entertainment,YouTube
727,@joe.bartolozzi,18500000.0,Entertainment,TikTok
728,@amaraquelindarawr,18500000.0,Beauty,TikTok
729,TheWillyrex,18400000.0,Comedy,YouTube
730,SebastiÃ¡n Yatra,18400000.0,News & Politics,YouTube
731,Bon Bon Media,18400000.0,Entertainment,YouTube
732,RobleisIUTU,18400000.0,Entertainment,YouTube
733,Katakit Baby TV,18400000.0,Music,YouTube
734,Brawl Stars,18400000.0,Gaming,YouTube
735,Jomy Production,18400000.0,Entertainment,YouTube
736,VICE,18400000.0,Entertainment,YouTube
737,BROTHERS VLOG,18400000.0,Entertainment,YouTube
738,@madisonbeer,18400000.0,Entertainment,TikTok
739,The Vishal bhatt,18300000.0,Comedy,YouTube
740,Lyna,18300000.0,Gaming,YouTube
741,The ACE Family,18300000.0,People & Blogs,YouTube
742,Liza Baez,18300000.0,Entertainment,YouTube
743,Travis Scott,18300000.0,Music,YouTube
744,INCRÃVEL,18300000.0,People & Blogs,YouTube
745,TheGrefg,18300000.0,Gaming,YouTube
746,LukeDidThat,18300000.0,Entertainment,YouTube
747,UFC,18300000.0,Sports,YouTube
748,LEGO,18300000.0,Entertainment,YouTube
749,shakiraVEVO,18300000.0,Music,YouTube
750,Gato Galactico,18300000.0,Film & Animation,YouTube
751,Pop Chartbusters,18200000.0,Music,YouTube
752,@sonyakisa8,18200000.0,Unknown,TikTok
753,ZutiGang,18200000.0,People & Blogs,YouTube
754,Jamuna TV,18200000.0,News & Politics,YouTube
755,IGN,18200000.0,Gaming,YouTube
756,Dear Sir,18100000.0,Education,YouTube
757,Porta dos Fundos,18100000.0,Entertainment,YouTube
758,T-Series Hamaar Bhojpuri,18100000.0,Entertainment,YouTube
759,@kevlexd,18100000.0,Unknown,TikTok
760,Demi Lovato,18000000.0,Music,YouTube
761,THAIRATH TV Originals,18000000.0,News & Politics,YouTube
762,Lele Pons,18000000.0,Comedy,YouTube
763,Luis MÃ©ndez,18000000.0,Comedy,YouTube
764,@sssniperwolf,18000000.0,Unknown,TikTok
765,@karenbarreraoficial,18000000.0,Unknown,TikTok
766,@leaelui,18000000.0,Beauty,TikTok
767,@thexhan,18000000.0,Unknown,TikTok
768,@twinmelody,17900000.0,Unknown,TikTok
769,Lahari Music - TSeries,17900000.0,Music,YouTube
770,iam_nandinirajput,17900000.0,Entertainment,YouTube
771,Juliana Baltar,17900000.0,Entertainment,YouTube
772,TheBrianMaps,17900000.0,Comedy,YouTube
773,Aayu and Pihu Show,17900000.0,Comedy,YouTube
774,Adam W,17800000.0,Comedy,YouTube
775,Jose Comelon - EspaÃ±ol,17800000.0,Film & Animation,YouTube
776,TRANS TV Official,17800000.0,Entertainment,YouTube
777,MGC Playhouse,17800000.0,Shows,YouTube
778,GMMTV OFFICIALââ,17800000.0,Entertainment,YouTube
779,@urbantheory_,17800000.0,Entertainment,TikTok
780,@heresyourmonkeycontent,17800000.0,Entertainment,TikTok
781,@sarahmagusara,17800000.0,Family,TikTok
782,@aylin.criss,17800000.0,Unknown,TikTok
783,@jungkook,17800000.0,Unknown,TikTok
784,@deamontol,17800000.0,Unknown,TikTok
785,Queen Official,17700000.0,Music,YouTube
786,POPS Kids,17700000.0,Music,YouTube
787,Anitta,17700000.0,Music,YouTube
788,Lil Pump,17700000.0,Music,YouTube
789,Ch7HD,17600000.0,Entertainment,YouTube
790,@camilacabello,17600000.0,Entertainment,TikTok
791,@erikabuenfiloficial,17600000.0,Unknown,TikTok
792,Arif muhammad,17600000.0,People & Blogs,YouTube
793,ArianaGrandeVevo,17600000.0,Music,YouTube
794,HowToBasic,17600000.0,Howto & Style,YouTube
795,Dr Ryan,17600000.0,Education,YouTube
796,FactTechz,17600000.0,Entertainment,YouTube
797,@yoleendadong,17600000.0,Entertainment,TikTok
798,Amara Que Linda,17600000.0,People & Blogs,YouTube
799,StudyIQ IAS,17500000.0,Education,YouTube
800,@andreecuadros,17500000.0,Education,TikTok
801,@fresajapomex,17500000.0,Unknown,TikTok
802,@juandamc,17500000.0,Unknown,TikTok
803,@madi,17500000.0,Beauty,TikTok
804,@jlo,17500000.0,Entertainment,TikTok
805,The MriDul,17500000.0,Comedy,YouTube
806,Nick DiGiovanni,17500000.0,People & Blogs,YouTube
807,With Kids[ìëí¤ì¦],17500000.0,Entertainment,YouTube
808,David Dobrik,17500000.0,People & Blogs,YouTube
809,Sanjoy Das Official,17500000.0,Entertainment,YouTube
810,Amaury Guichon,17500000.0,Entertainment,YouTube
811,Unspeakable,17500000.0,Gaming,YouTube
812,Ian Boggs,17400000.0,Entertainment,YouTube
813,KOMPASTV,17400000.0,News & Politics,YouTube
814,RCTI - LAYAR DRAMA INDONESIA,17400000.0,Entertainment,YouTube
815,SEVENGERS,17400000.0,Comedy,YouTube
816,THE BROWN SIBLINGS,17400000.0,Entertainment,YouTube
817,JFlaMusic,17400000.0,Music,YouTube
818,Ray William Johnson,17400000.0,Entertainment,YouTube
819,@cindy518c,17400000.0,Entertainment,TikTok
820,@deepins,17400000.0,Unknown,TikTok
821,@camerondallas,17400000.0,Entertainment,TikTok
822,@sebastianyatra,17400000.0,Unknown,TikTok
823,Netflix Jr.,17300000.0,Education,YouTube
824,@gemelasortega,17300000.0,Pets & Animals,TikTok
825,@marianapalaciios,17300000.0,Entertainment,TikTok
826,FC Barcelona,17300000.0,Sports,YouTube
827,Dental Digest,17300000.0,People & Blogs,YouTube
828,Zee Music Classic,17300000.0,Music,YouTube
829,TWICE,17300000.0,Music,YouTube
830,Sony Music South,17300000.0,Music,YouTube
831,Prajapati News,17200000.0,Comedy,YouTube
832,Emilly Vick,17200000.0,Science & Technology,YouTube
833,Gaby and Alex,17200000.0,Entertainment,YouTube
834,T3ddy,17200000.0,Comedy,YouTube
835,CRAZY GREAPA,17200000.0,Entertainment,YouTube
836,SRK MUSIC,17200000.0,Music,YouTube
837,@postmalone,17200000.0,Entertainment,TikTok
838,Willyrex,17100000.0,Gaming,YouTube
839,@ingridohara,17100000.0,Entertainment,TikTok
840,NDTV India,17100000.0,News & Politics,YouTube
841,FunFun Toy Doll TV,17100000.0,Entertainment,YouTube
842,PopularMMOs,17100000.0,Gaming,YouTube
843,Technoblade,17100000.0,Gaming,YouTube
844,Sierra & Rhia FAM,17100000.0,Entertainment,YouTube
845,Stubborn Facts,17100000.0,Film & Animation,YouTube
846,Blippi EspaÃ±ol,17000000.0,People & Blogs,YouTube
847,Red Bull,17000000.0,Sports,YouTube
848,MK MUSIC,17000000.0,Music,YouTube
849,FailArmy,17000000.0,Comedy,YouTube
850,Kaykai Salaider,17000000.0,Comedy,YouTube
851,@shinsama422,17000000.0,Entertainment,TikTok
852,@mrzeooficial,16900000.0,Unknown,TikTok
853,@brittikitty,16900000.0,Unknown,TikTok
854,@austinsprinz,16900000.0,Entertainment,TikTok
855,@legnahernandez1,16900000.0,Business and Finance,TikTok
856,MARIANA,16900000.0,People & Blogs,YouTube
857,PowerfulJRE,16800000.0,People & Blogs,YouTube
858,LuisFonsiVEVO,16800000.0,Music,YouTube
859,Zee Bangla,16800000.0,Entertainment,YouTube
860,DeToxoMoroxo,16800000.0,Entertainment,YouTube
861,Jennifer Lopez,16800000.0,Music,YouTube
862,E-MasterSensei,16800000.0,Gaming,YouTube
863,Pitbull,16800000.0,Music,YouTube
864,SportsNation,16800000.0,Sports,YouTube
865,Kim Loaiza,16800000.0,Music,YouTube
866,Liza Koshy,16800000.0,Comedy,YouTube
867,Adaah Queen,16800000.0,Entertainment,YouTube
868,Guava Juice,16800000.0,Gaming,YouTube
869,RS 1313 SHORTS,16800000.0,Entertainment,YouTube
870,@wian,16800000.0,Entertainment,TikTok
871,Kashvi Adlakha,16800000.0,Entertainment,YouTube
872,Tu COSMOPOLIS,16700000.0,People & Blogs,YouTube
873,ABC News,16700000.0,News & Politics,YouTube
874,Enterr10 Rangeela,16700000.0,Entertainment,YouTube
875,IDEAS EN 5 MINUTOS,16700000.0,Howto & Style,YouTube
876,Think Music India,16700000.0,Music,YouTube
877,Kuplinov âº Play,16700000.0,Gaming,YouTube
878,Diosdado Juarez,16700000.0,Gaming,YouTube
879,@thecardguy,16700000.0,Entertainment,TikTok
880,Luli PampÃ­n,16700000.0,Music,YouTube
881,@abbyroberts,16700000.0,Arts and Crafts,TikTok
882,@yesimresmi1,16600000.000000002,Beauty,TikTok
883,@charlieputh,16600000.000000002,Unknown,TikTok
884,@callmegrand,16600000.000000002,Entertainment,TikTok
885,@otakoyakisoba,16600000.000000002,Unknown,TikTok
886,Stray Kids,16600000.0,People & Blogs,YouTube
887,Boyce Avenue,16600000.0,Music,YouTube
888,Volga Video,16600000.0,Film & Animation,YouTube
889,Doggy Doggy Cartoons,16600000.0,Entertainment,YouTube
890,Werever2morro,16600000.0,Entertainment,YouTube
891,Camila Cabello,16600000.0,Music,YouTube
892,Fact Brain 96,16600000.0,People & Blogs,YouTube
893,Uman sayyed shorts,16600000.0,People & Blogs,YouTube
894,AdMe,16600000.0,Entertainment,YouTube
895,Kids Play,16600000.0,Entertainment,YouTube
896,EeOneGuy,16600000.0,Entertainment,YouTube
897,SAM SMITH,16600000.0,Music,YouTube
898,CNN,16500000.0,News & Politics,YouTube
899,JULIA GISELLA,16500000.0,Entertainment,YouTube
900,Antrax,16500000.0,Gaming,YouTube
901,Czn Burak,16500000.0,People & Blogs,YouTube
902,JT Casey,16500000.0,Entertainment,YouTube
903,benja calero,16500000.0,People & Blogs,YouTube
904,FitDance,16500000.0,Music,YouTube
905,Jazzghost,16500000.0,Gaming,YouTube
906,Bobon Santoso,16500000.0,People & Blogs,YouTube
907,Anninha,16500000.0,People & Blogs,YouTube
908,Sandra Cires Art,16500000.0,Howto & Style,YouTube
909,Mis Pastelitos,16500000.0,Howto & Style,YouTube
910,Matt Stonie,16400000.0,Entertainment,YouTube
911,XpressTV,16400000.0,Entertainment,YouTube
912,Camilo,16400000.0,Music,YouTube
913,Behindwoods TV,16400000.0,Entertainment,YouTube
914,Gyan Gamingã¤,16400000.0,Gaming,YouTube
915,BanderitaX,16400000.0,Gaming,YouTube
916,Team Films Bhojpuri,16400000.0,Music,YouTube
917,Little Mix,16400000.0,Music,YouTube
918,tiyaa_ningwal_official,16400000.0,Entertainment,YouTube
919,@a.bite,16399999.999999998,Food,TikTok
920,@lgndfrvr,16399999.999999998,Unknown,TikTok
921,W2S,16300000.0,Gaming,YouTube
922,Noel Robinson,16300000.0,Entertainment,YouTube
923,RupalChoudhary TD,16300000.0,People & Blogs,YouTube
924,JJ Olatunji,16300000.0,Gaming,YouTube
925,Dyland PROS,16300000.0,Entertainment,YouTube
926,MNCTV OFFICIAL,16300000.0,Entertainment,YouTube
927,EdisonPts,16300000.0,Gaming,YouTube
928,@marioaguilar,16300000.0,Entertainment,TikTok
929,@luisasonza,16300000.0,Music,TikTok
930,@fefe,16300000.0,Entertainment,TikTok
931,@dudeperfect,16300000.0,Unknown,TikTok
932,@itsavage,16200000.0,Business and Finance,TikTok
933,ExtraPolinesios,16200000.0,People & Blogs,YouTube
934,Tonni art and craft,16200000.0,Howto & Style,YouTube
935,BBC News,16200000.0,News & Politics,YouTube
936,ABS-CBN News,16200000.0,News & Politics,YouTube
937,Indore Physical Academy,16200000.0,People & Blogs,YouTube
938,Canal IN,16200000.0,People & Blogs,YouTube
939,pets swag,16200000.0,Pets & Animals,YouTube
940,Ryan Trahan,16200000.0,Entertainment,YouTube
941,@hytalosantosoficial,16200000.0,Unknown,TikTok
942,@candyken,16200000.0,Fitness and Health,TikTok
943,@marianamiamorch,16200000.0,Entertainment,TikTok
944,Enes Batur,16200000.0,Gaming,YouTube
945,@ponciklendin,16100000.000000002,Unknown,TikTok
946,Mobile Legends: Bang Bang,16100000.0,Gaming,YouTube
947,Su Hao,16100000.0,People & Blogs,YouTube
948,WinnerMax,16000000.0,Gaming,YouTube
949,50 Cent,16000000.0,Music,YouTube
950,Little Angel - MÃºsicas Infantis em PortuguÃªs,16000000.0,Entertainment,YouTube
951,Harsh Beniwal,16000000.0,Comedy,YouTube
952,Merrick Hanna,16000000.0,Entertainment,YouTube
953,Henrique e Juliano,16000000.0,Music,YouTube
954,infobells - Kannada,16000000.0,Education,YouTube
955,5-Minute Crafts FAMILY,16000000.0,People & Blogs,YouTube
956,Rebecca Zamolo,16000000.0,Comedy,YouTube
957,Genierock,16000000.0,Music,YouTube
958,The Dodo,16000000.0,Pets & Animals,YouTube
959,Alexa Rivera,16000000.0,Howto & Style,YouTube
960,Hongyu ASMR íì,15900000.0,People & Blogs,YouTube
961,Ju AraÃºjo,15900000.0,Entertainment,YouTube
962,Geo News,15900000.0,News & Politics,YouTube
963,à¸à¹à¸­à¸8 : Thai Ch8,15900000.0,Entertainment,YouTube
964,@zhong,15900000.0,Arts and Crafts,TikTok
965,@mckenzibrooke,15900000.0,Unknown,TikTok
966,Crescendo com Luluca,15900000.0,Entertainment,YouTube
967,Veritasium,15800000.0,Education,YouTube
968,Lana Del Rey,15800000.0,Music,YouTube
969,wifistudy by Unacademy,15800000.0,Education,YouTube
970,Rakib Hossain,15800000.0,People & Blogs,YouTube
971,Rotten Tomatoes Trailers,15800000.0,Film & Animation,YouTube
972,Talking Tom & Friends TV,15800000.0,Entertainment,YouTube
973,LOKESH GAMER,15800000.0,Gaming,YouTube
974,jeffreestar,15800000.0,Howto & Style,YouTube
975,DopeLyrics,15800000.0,Music,YouTube
976,Niana Guerrero,15700000.0,Entertainment,YouTube
977,@alexwaarren,15700000.0,Entertainment,TikTok
978,Crazy Frog,15700000.0,Music,YouTube
979,Super Senya,15700000.0,Entertainment,YouTube
980,melanie martinez,15700000.0,Music,YouTube
981,Prashant Sharma Entertainment,15700000.0,People & Blogs,YouTube
982,Daftar Populer,15700000.0,Education,YouTube
983,CrashCourse,15700000.0,Education,YouTube
984,Caylus,15700000.0,Education,YouTube
985,Linus Tech Tips,15700000.0,Science & Technology,YouTube
986,LittleGlove,15700000.0,People & Blogs,YouTube
987,FFUNTV,15700000.0,Gaming,YouTube
988,Kerajinan 5-Menit,15700000.0,People & Blogs,YouTube
989,zayn,15700000.0,Music,YouTube
990,PrestonPlayz,15700000.0,Gaming,YouTube
991,H&T Official,15700000.0,Entertainment,YouTube
992,NANDO,15700000.0,People & Blogs,YouTube
993,Dave and Ava - Nursery Rhymes and Baby Songs,15700000.0,Education,YouTube
994,PlayStation,15600000.0,Gaming,YouTube
995,@fernanfloo,15600000.0,Unknown,TikTok
996,The McFive Circus,15600000.0,People & Blogs,YouTube
997,Apu Alone,15600000.0,Comedy,YouTube
998,Alextis,15600000.0,Entertainment,YouTube
999,Sumon Stunts,15600000.0,Entertainment,YouTube
1000,NITIN FREE FIRE,15600000.0,Gaming,YouTube
1001,Karen Bustillos,15600000.0,Entertainment,YouTube
1002,Zee Telugu,15600000.0,Entertainment,YouTube
1003,Woody & Kleiny,15600000.0,Comedy,YouTube
1004,@drpimplepopper,15600000.0,Beauty,TikTok
1005,Albertisment,15600000.0,Entertainment,YouTube
1006,Bihari Ladka,15500000.0,Gaming,YouTube
1007,@felipeneto,15500000.0,Unknown,TikTok
1008,NH Studioz,15500000.0,Film & Animation,YouTube
1009,@benazelart,15500000.0,Entertainment,TikTok
1010,XDSchool,15500000.0,Gaming,YouTube
1011,@abbieherbert,15500000.0,Unknown,TikTok
1012,@thispronto,15500000.0,Entertainment,TikTok
1013,ZEE5,15500000.0,Entertainment,YouTube
1014,Caeli YT,15500000.0,Entertainment,YouTube
1015,Free Fire India Official,15500000.0,People & Blogs,YouTube
1016,ZÃ© Neto e Cristiano,15500000.0,Music,YouTube
1017,O Reino Infantil,15500000.0,Music,YouTube
1018,ARGEN,15500000.0,Entertainment,YouTube
1019,El TÃ­o NÃ©stor,15500000.0,Sports,YouTube
1020,@_vector_,15400000.0,Product Showcase,TikTok
1021,@rhia.official,15400000.0,Entertainment,TikTok
1022,@camilaloures,15400000.0,Entertainment,TikTok
1023,@ideatimes,15400000.0,Education,TikTok
1024,Come Play With Me,15400000.0,Entertainment,YouTube
1025,Camila Loures,15400000.0,Music,YouTube
1026,Telemundo,15400000.0,Entertainment,YouTube
1027,PANDA,15400000.0,Comedy,YouTube
1028,NOBRU,15400000.0,Gaming,YouTube
1029,Desi Gamers,15400000.0,Gaming,YouTube
1030,Aadishakti Films,15400000.0,Music,YouTube
1031,SuperHero Kids,15400000.0,People & Blogs,YouTube
1032,Makiman131,15400000.0,Gaming,YouTube
1033,FAMILY BOOMS,15400000.0,Entertainment,YouTube
1034,It's Mamix,15400000.0,People & Blogs,YouTube
1035,League of Legends,15400000.0,Gaming,YouTube
1036,Cosmo TV,15400000.0,People & Blogs,YouTube
1037,@holygxd74,15300000.0,Unknown,TikTok
1038,@emillyvickof,15300000.0,Beauty,TikTok
1039,@edsheeran,15300000.0,Entertainment,TikTok
1040,Acenix,15300000.0,Gaming,YouTube
1041,karameeshchannel,15300000.0,Entertainment,YouTube
1042,GMM25Thailand,15300000.0,Entertainment,YouTube
1043,Roman Atwood Vlogs,15300000.0,People & Blogs,YouTube
1044,Coke Studio Pakistan,15300000.0,Music,YouTube
1045,Yarook_Malik22,15300000.0,People & Blogs,YouTube
1046,Jooj Natu,15300000.0,Entertainment,YouTube
1047,Jagdish Comedian,15300000.0,Comedy,YouTube
1048,Zig & Sharko,15300000.0,Film & Animation,YouTube
1049,Elvish yadav,15300000.0,Comedy,YouTube
1050,penguinz0,15300000.0,Gaming,YouTube
1051,RobTopGames,15300000.0,Gaming,YouTube
1052,Musas,15200000.0,Howto & Style,YouTube
1053,Ranz Kyle,15200000.0,People & Blogs,YouTube
1054,RaptorGamer,15200000.0,People & Blogs,YouTube
1055,Kwebbelkop,15200000.0,Gaming,YouTube
1056,MattyBRaps,15200000.0,Music,YouTube
1057,T-Series Regional,15200000.0,Entertainment,YouTube
1058,TazerCraft,15200000.0,Gaming,YouTube
1059,Little Treehouse Nursery Rhymes and Kids Songs,15200000.0,Education,YouTube
1060,Oyuncak AvÄ±,15200000.0,Entertainment,YouTube
1061,Mariale,15200000.0,Howto & Style,YouTube
1062,Airrack,15200000.0,Entertainment,YouTube
1063,@sandys.ss,15200000.0,Unknown,TikTok
1064,@payton,15200000.0,Unknown,TikTok
1065,Doc Tops,15100000.0,Entertainment,YouTube
1066,Auron,15100000.0,People & Blogs,YouTube
1067,Zee Tamil,15100000.0,Entertainment,YouTube
1068,@jongmineyo,15100000.0,Unknown,TikTok
1069,@nickandsienna,15100000.0,Unknown,TikTok
1070,@dameliofamilyofficial,15100000.0,Entertainment,TikTok
1071,@enkyboys,15100000.0,Entertainment,TikTok
1072,Meghan Trainor,15100000.0,People & Blogs,YouTube
1073,The Slow Mo Guys,15100000.0,Entertainment,YouTube
1074,gogo 2728,15100000.0,People & Blogs,YouTube
1075,BIGBANG,15100000.0,Music,YouTube
1076,Jorge & Mateus Oficial,15100000.0,Music,YouTube
1077,Goldmines Premiere,15100000.0,Entertainment,YouTube
1078,Lachlan,15100000.0,Gaming,YouTube
1079,Like Nastya Stories,15000000.0,Entertainment,YouTube
1080,iTownGamePlay *Terror&DiversiÃ³n*,15000000.0,Entertainment,YouTube
1081,5-Minute Crafts Recycle,15000000.0,People & Blogs,YouTube
1082,Times Music,15000000.0,Music,YouTube
1083,Kids TV India Hindi Nursery Rhymes,15000000.0,Shows,YouTube
1084,Mythpat,15000000.0,Entertainment,YouTube
1085,Fueled By Ramen,15000000.0,Music,YouTube
1086,MoniLina,15000000.0,Comedy,YouTube
1087,@goub,15000000.0,Unknown,TikTok
1088,@alexcasasvz,15000000.0,Unknown,TikTok
1089,MC Divertida,15000000.0,Entertainment,YouTube
1090,Luke Davidson,15000000.0,Entertainment,YouTube
1091,@amarantavp_,15000000.0,Unknown,TikTok
1092,DRJ Records Specials,15000000.0,People & Blogs,YouTube
1093,janin al chair,14900000.0,Comedy,YouTube
1094,AdeleVEVO,14900000.0,Music,YouTube
1095,Family Fitness,14900000.0,Entertainment,YouTube
1096,Major Lazer Official,14900000.0,Music,YouTube
1097,Canal Nostalgia,14900000.0,Entertainment,YouTube
1098,Kendrick Lamar,14900000.0,People & Blogs,YouTube
1099,ÐÐ¢Ð,14900000.0,People & Blogs,YouTube
1100,ERB,14900000.0,Entertainment,YouTube
1101,YANA CHIRKINA,14900000.0,Sports,YouTube
1102,Ethan Funny Family,14900000.0,Entertainment,YouTube
1103,GMA Integrated News,14900000.0,News & Politics,YouTube
1104,TheRichest,14900000.0,Education,YouTube
1105,O Que NÃ£o Dizer Oficial,14900000.0,Comedy,YouTube
1106,Ornella Zocco,14800000.0,People & Blogs,YouTube
1107,@leytink,14800000.0,Entertainment,TikTok
1108,ETV Jabardasth,14800000.0,People & Blogs,YouTube
1109,Hear This Music,14800000.0,Music,YouTube
1110,Dropout,14800000.0,Comedy,YouTube
1111,Martin Garrix,14800000.0,Music,YouTube
1112,Hacksmith Industries,14800000.0,Science & Technology,YouTube
1113,@mngnzls,14800000.0,Entertainment,TikTok
1114,TommyInnit,14800000.0,Gaming,YouTube
1115,Harsha Sai - For You Hindi,14800000.0,Entertainment,YouTube
1116,@skyandtami,14800000.0,Unknown,TikTok
1117,Chad Wild Clay,14800000.0,Comedy,YouTube
1118,Harry Styles,14800000.0,People & Blogs,YouTube
1119,Wish 107.5,14800000.0,Music,YouTube
1120,Gustavo ParÃ³dias,14800000.0,Comedy,YouTube
1121,Sonyakisa8 TT,14800000.0,Pets & Animals,YouTube
1122,Codiscos,14700000.0,Music,YouTube
1123,@nattinatasha,14700000.0,Unknown,TikTok
1124,@mikaylanogueira,14700000.0,Beauty,TikTok
1125,Gallina Pintadita,14700000.0,Music,YouTube
1126,Kaleb Andri,14700000.0,Entertainment,YouTube
1127,Narins Beauty,14700000.0,Howto & Style,YouTube
1128,English Connection,14700000.0,Education,YouTube
1129,Atlantic Records,14700000.0,Music,YouTube
1130,Planeta das GÃªmeas,14700000.0,People & Blogs,YouTube
1131,Tayo Bus Kecil - Tayo Bahasa Indonesia,14700000.0,Film & Animation,YouTube
1132,Blockbuster Movies,14700000.0,Entertainment,YouTube
1133,shadab5star,14700000.0,Entertainment,YouTube
1134,Jack Doherty,14700000.0,Sports,YouTube
1135,Fifth Harmony,14700000.0,Music,YouTube
1136,DangMattSmith,14700000.0,Entertainment,YouTube
1137,Maha Fun Tv,14700000.0,Entertainment,YouTube
1138,Neha Kakkar,14700000.0,Music,YouTube
1139,Tonde Gamer,14700000.0,Gaming,YouTube
1140,@badbaarbie,14600000.0,Beauty,TikTok
1141,Typical Gamer,14600000.0,Gaming,YouTube
1142,TV Ana Emilia,14600000.0,People & Blogs,YouTube
1143,Vogue,14600000.0,Entertainment,YouTube
1144,Monsta,14600000.0,Film & Animation,YouTube
1145,Ali Anas Khan,14600000.0,Entertainment,YouTube
1146,Peppa Pig em PortuguÃªs Brasil - Canal Oficial,14600000.0,Film & Animation,YouTube
1147,Reaction Time,14600000.0,Entertainment,YouTube
1148,@hoaa.hanassii,14500000.0,Unknown,TikTok
1149,@lkzinhu,14500000.0,Arts and Crafts,TikTok
1150,@nourmar5,14500000.0,Unknown,TikTok
1151,@xzayx89,14500000.0,Business and Finance,TikTok
1152,@supercarblondie,14500000.0,Auto and Vehicles,TikTok
1153,@sanya_lopez,14400000.0,Entertainment,TikTok
1154,@nikitadragun,14400000.0,Beauty,TikTok
1155,@demibagby,14400000.0,Unknown,TikTok
1156,@mieayamthebstt,14400000.0,Gaming,TikTok
1157,@kingkidjoshua,14300000.0,Entertainment,TikTok
1158,@kkarrrambaby,14300000.0,Entertainment,TikTok
1159,@ramizeinn,14300000.0,Unknown,TikTok
1160,@mochapom,14200000.0,Pets & Animals,TikTok
1161,@sisteryell,14200000.0,Beauty,TikTok
1162,@lilyxgarcia,14200000.0,Unknown,TikTok
1163,@marlene2995,14200000.0,Life and Society,TikTok
1164,@joshuamonis,14100000.0,Entertainment,TikTok
1165,@leticiapedro,14100000.0,Acting and Drama,TikTok
1166,@abailarconmaga,14100000.0,Entertainment,TikTok
1167,@mariahandbill,14100000.0,Entertainment,TikTok
1168,@ali_khan110,14000000.0,Entertainment,TikTok
1169,@elaineharomusic,14000000.0,Unknown,TikTok
1170,@keniaos,14000000.0,Beauty,TikTok
1171,@davidgetial,14000000.0,Unknown,TikTok
1172,@soy.nestor,13900000.0,Entertainment,TikTok
1173,@alfredolarin,13900000.0,Unknown,TikTok
1174,@nicolegarcia,13900000.0,Unknown,TikTok
1175,@beatboxjcop,13900000.0,Entertainment,TikTok
1176,@brookeashleyhall,13900000.0,Product Showcase,TikTok
1177,@riwww,13900000.0,Pets & Animals,TikTok
1178,@moontellthat,13800000.0,Unknown,TikTok
1179,@fujiiian,13800000.0,Unknown,TikTok
1180,@garyvee,13800000.0,Education,TikTok
1181,@therealhammytv,13700000.0,Entertainment,TikTok
1182,@twiceofnice,13700000.0,Entertainment,TikTok
1183,@k0uvr,13600000.0,Beauty,TikTok
1184,@peixinh0,13600000.0,Entertainment,TikTok
1185,@dorisjocelyn,13600000.0,Entertainment,TikTok
1186,@auditydraws,13600000.0,Animation and Cosplay,TikTok
1187,@tabithaswatosh,13500000.0,Unknown,TikTok
1188,@sabrinacarpenter,13400000.0,Unknown,TikTok
1189,@shortestblockbusters,13400000.0,Unknown,TikTok
1190,@queenluvs14,13400000.0,Romance and Wedding,TikTok
1191,@the_object,13400000.0,Photography,TikTok
1192,@eyavanana,13300000.0,Unknown,TikTok
1193,@nilsonneto,13300000.0,Entertainment,TikTok
1194,@dream_team_house,13300000.0,Unknown,TikTok
1195,@vanessakate_,13300000.0,Fitness and Health,TikTok
1196,@noeminikita,13300000.0,Entertainment,TikTok
1197,@anwar,13300000.0,Unknown,TikTok
1198,@mistermainer,13300000.0,Nature,TikTok
1199,@faruk_pc,13200000.0,Unknown,TikTok
1200,@fabiola.baglieri,13200000.0,Celebrity,TikTok
1201,@miketoks,13200000.0,Entertainment,TikTok
1202,@samkamusic,13200000.0,Entertainment,TikTok
1203,@ba.bich_,13200000.0,Unknown,TikTok
1204,@zeth,13200000.0,Family,TikTok
1205,@huronarolera,13100000.0,Gaming,TikTok
1206,@mirandasings,13100000.0,Entertainment,TikTok
1207,@jennycamachor,13000000.0,Unknown,TikTok
1208,@siennamae,13000000.0,Entertainment,TikTok
1209,@bessan_esmail,13000000.0,Entertainment,TikTok
1210,@maverickbaker,13000000.0,Entertainment,TikTok
1211,@fedevigevani,13000000.0,Unknown,TikTok
1212,@razor.fathanah,13000000.0,Entertainment,TikTok
1213,@sweetyhigh,13000000.0,Education,TikTok
1214,@samhairwolfryder,13000000.0,Entertainment,TikTok
1215,@hoa_2309,13000000.0,Careers,TikTok
1216,@nicolelouise,13000000.0,Beauty,TikTok
1217,@jake.pnw,13000000.0,Fitness and Health,TikTok
1218,@memes,13000000.0,Entertainment,TikTok
1219,@annabananaxdddd,12900000.0,Unknown,TikTok
1220,@juanpazurita,12900000.0,Entertainment,TikTok
1221,@spencer_serafica,12900000.0,Gaming,TikTok
1222,@nickelodeon,12900000.0,Unknown,TikTok
1223,@brotherofcolor,12900000.0,Entertainment,TikTok
1224,@sjbleau,12900000.0,Beauty,TikTok
1225,@ladivaza,12900000.0,Unknown,TikTok
1226,@salavat.fidai,12900000.0,Unknown,TikTok
1227,@taylorred,12800000.0,Unknown,TikTok
1228,@queeneemercado,12800000.0,Entertainment,TikTok
1229,@christianfabiannn,12800000.0,Unknown,TikTok
1230,@dangmattsmith,12800000.0,Unknown,TikTok
1231,@cheryantoinette,12700000.0,Entertainment,TikTok
1232,@houseofhighlights,12700000.0,Sports,TikTok
1233,@shaq,12700000.0,Unknown,TikTok
1234,@emilymariko,12700000.0,Beauty,TikTok
1235,@king.science,12700000.0,Education,TikTok
1236,@semiraminta,12700000.0,Unknown,TikTok
1237,@jakefellman,12700000.0,Animation and Cosplay,TikTok
1238,@hpc_official,12700000.0,Business and Finance,TikTok
1239,@steveharvey,12700000.0,Entertainment,TikTok
1240,@lukedavidson_,12600000.0,Entertainment,TikTok
1241,@_ehiz,12600000.0,Unknown,TikTok
1242,@itsbsd,12600000.0,Unknown,TikTok
1243,@sebastianbails,12600000.0,Entertainment,TikTok
1244,@iimeeto,12600000.0,Unknown,TikTok
1245,@itspierreboo,12600000.0,Unknown,TikTok
1246,@amirodriguezz,12600000.0,Unknown,TikTok
1247,@alena_sahnova,12500000.0,Unknown,TikTok
1248,@robbyandpenny,12500000.0,Unknown,TikTok
1249,@kamillatasty,12500000.0,Unknown,TikTok
1250,@eliottbrown,12500000.0,Unknown,TikTok
1251,@suavexavier,12500000.0,Entertainment,TikTok
1252,@katy.vine,12500000.0,Unknown,TikTok
1253,@mdmotivator,12400000.0,Unknown,TikTok
1254,@blondebrunetteredhead,12400000.0,Pets & Animals,TikTok
1255,@shin_sajang93,12400000.0,Unknown,TikTok
1256,@jypestraykids,12400000.0,Unknown,TikTok
1257,@ivanmartinez,12300000.0,Entertainment,TikTok
1258,@alok,12300000.0,Unknown,TikTok
1259,@sunny_kalra55,12300000.0,Unknown,TikTok
1260,@wewearcute,12300000.0,Beauty,TikTok
1261,@nlechoppamusic,12300000.0,Unknown,TikTok
1262,@soydanielvargas,12300000.0,Unknown,TikTok
1263,@leidys_sotolongo,12200000.0,Unknown,TikTok
1264,@danilis_boom,12200000.0,Entertainment,TikTok
1265,@naruto0919,12200000.0,Animation and Cosplay,TikTok
1266,@capitanyolotroll,12200000.0,Unknown,TikTok
1267,@rampage_thedancer,12200000.0,Beauty,TikTok
1268,@dhar.mann,12200000.0,Life and Society,TikTok
1269,@shamima_afrinomi,12100000.0,Unknown,TikTok
1270,@_inmagic_,12100000.0,Entertainment,TikTok
1271,@maryliteedang,12100000.0,Unknown,TikTok
1272,@dadlifejason,12000000.0,Unknown,TikTok
1273,@nazdej,12000000.0,Unknown,TikTok
1274,@nickychampa,12000000.0,Unknown,TikTok
1275,@leanadeeb,12000000.0,Unknown,TikTok
1276,@jostasy,12000000.0,Unknown,TikTok
1277,@sofiedossi,12000000.0,Unknown,TikTok
1278,@annaxsitar,12000000.0,Unknown,TikTok
1279,@pinuppixie,11900000.0,Unknown,TikTok
1280,@jiwon_family,11900000.0,Unknown,TikTok
1281,@barisresmiii,11900000.0,Unknown,TikTok
1282,@imbaddiesonly,11900000.0,Entertainment,TikTok
1283,@_guzi_,11900000.0,Unknown,TikTok
1284,@theestallion,11800000.0,Unknown,TikTok
1285,@theshluvfamily,11800000.0,Family,TikTok
1286,@egorkaship_official,11800000.0,Unknown,TikTok
1287,@yefersoncossio,11800000.0,Entertainment,TikTok
1288,@marlucas18,11800000.0,Unknown,TikTok
1289,@lianev,11700000.0,Unknown,TikTok
1290,@marcelotwelve,11700000.0,Unknown,TikTok
1291,@dj.angelx,11700000.0,Unknown,TikTok
1292,@falcopunch,11700000.0,Arts and Crafts,TikTok
1293,@ianboggs,11700000.0,Unknown,TikTok
1294,@soymaaleja,11700000.0,Unknown,TikTok
1295,@jakebsweet,11700000.0,Unknown,TikTok
1296,@thereptilezoo,11600000.0,Pets & Animals,TikTok
1297,@queenstaralien,11600000.0,Unknown,TikTok
1298,@vivi,11600000.0,Beauty,TikTok
1299,@plastique_tiara,11600000.0,Unknown,TikTok
1300,@thereallightskinmonte,11600000.0,Unknown,TikTok
1301,@minecraftnutiy,11600000.0,Gaming,TikTok
1302,@twinsfromrussia,11500000.0,Entertainment,TikTok
1303,@baileyspinn,11500000.0,Entertainment,TikTok
1304,@nics.orense01,11500000.0,Entertainment,TikTok
1305,@melissaendara,11500000.0,Beauty,TikTok
1306,@paigezilba,11400000.0,Entertainment,TikTok
1307,@vilmeijuga,11400000.0,Unknown,TikTok
1308,@josevasqueztv,11400000.0,Unknown,TikTok
1309,@meghantrainor,11300000.0,Unknown,TikTok
1310,@cieloanaiss,11300000.0,Entertainment,TikTok
1311,@silntgirl0official,11300000.0,Unknown,TikTok
1312,@jharnabhagwani,11300000.0,Entertainment,TikTok
1313,@joelbergs,11300000.0,Unknown,TikTok
1314,@pandaboi.com,11300000.0,Entertainment,TikTok
1315,@luismendez1405,11200000.0,Unknown,TikTok
1316,@billyvsco,11200000.0,Entertainment,TikTok
1317,@1_alkaisr_1,11200000.0,Unknown,TikTok
1318,@isaias,11200000.0,Entertainment,TikTok
1319,@anxietycouple,11200000.0,Entertainment,TikTok
1320,@unkabogableviceganda,11200000.0,Unknown,TikTok
1321,@pakoyaso_,11200000.0,Entertainment,TikTok
1322,@enhypen,11200000.0,Unknown,TikTok
1323,@creatingwonders,11200000.0,Entertainment,TikTok
1324,@fredebrochito,11200000.0,Unknown,TikTok
1325,@wildnout,11200000.0,Entertainment,TikTok
1326,@dudinhaarrudaa2,11200000.0,Unknown,TikTok
1327,@zacil.jimenez,11100000.0,Arts and Crafts,TikTok
1328,@artur.edlind,11100000.0,Entertainment,TikTok
1329,@tommyunold,11100000.0,Unknown,TikTok
1330,@animalize21,11100000.0,Pets & Animals,TikTok
1331,@kageihina,11100000.0,Unknown,TikTok
1332,@nachitojuegajuegos,11000000.0,Gaming,TikTok
1333,@tyga,11000000.0,Entertainment,TikTok
1334,@karljacobs,11000000.0,Unknown,TikTok
1335,@ehbeefamily,11000000.0,Family,TikTok
1336,@reiley,11000000.0,Entertainment,TikTok
1337,@vasilvana1,11000000.0,Unknown,TikTok
1338,@soybiancaoss,10900000.0,Unknown,TikTok
1339,@kallmewhateveryouwant,10900000.0,Unknown,TikTok
1340,@xobrooklynne,10900000.0,Unknown,TikTok
1341,@_angelomarasigan,10900000.0,Entertainment,TikTok
1342,@_lulu99,10900000.0,Education,TikTok
1343,@ufc,10900000.0,Unknown,TikTok
1344,@uespiiiii.1115,10900000.0,Unknown,TikTok
1345,@lyrics,10900000.0,Unknown,TikTok
1346,@bypamellaa,10800000.0,Unknown,TikTok
1347,@notbrookemonk,10800000.0,Entertainment,TikTok
1348,@junpei.zaki,10800000.0,Unknown,TikTok
1349,@zefelipecantor,10800000.0,Entertainment,TikTok
1350,@jena,10800000.0,Beauty,TikTok
1351,@andysistar407,10800000.0,Unknown,TikTok
1352,@elliezeiler,10800000.0,Beauty,TikTok
1353,@kuyamagik,10700000.0,Entertainment,TikTok
1354,@vashamarousia,10700000.0,Unknown,TikTok
1355,@javiluna,10700000.0,Acting and Drama,TikTok
1356,@yskaela,10700000.0,Unknown,TikTok
1357,@gevids,10700000.0,Gaming,TikTok
1358,@nasserferreiroo,10600000.0,Entertainment,TikTok
1359,@mridulmadhok_,10600000.0,Education,TikTok
1360,@filmlooji,10600000.0,Arts and Crafts,TikTok
1361,@ate_audwii,10600000.0,Entertainment,TikTok
1362,@colewalliser,10600000.0,Arts and Crafts,TikTok
1363,@zacklugo,10600000.0,Acting and Drama,TikTok
1364,@savanahmosss,10600000.0,Food,TikTok
1365,@angelloweee,10600000.0,Beauty,TikTok
1366,@mateosarc,10600000.0,Entertainment,TikTok
1367,@vaimonroe,10600000.0,Beauty,TikTok
1368,@miracle_tiktok,10500000.0,Nature,TikTok
1369,@josettepimenta,10500000.0,Entertainment,TikTok
1370,@swerabsmith3,10500000.0,Entertainment,TikTok
1371,@mexicocookingclub,10500000.0,Food,TikTok
1372,@calebcoffee,10500000.0,Unknown,TikTok
1373,@lopeztips,10400000.0,Unknown,TikTok
1374,@nadeemmubarakofficial,10400000.0,Unknown,TikTok
1375,@itsyaboymaina,10400000.0,Unknown,TikTok
1376,@milway.ka,10400000.0,Unknown,TikTok
1377,@nachter,10400000.0,Unknown,TikTok
1378,@mamalindy,10400000.0,Entertainment,TikTok
1379,@sebastianmoy,10400000.0,Unknown,TikTok
1380,@diana_aster,10400000.0,Beauty,TikTok
1381,@kunaguero,10400000.0,Sports,TikTok
1382,@sidelnikovvv,10400000.0,Entertainment,TikTok
1383,@ksi,10400000.0,Entertainment,TikTok
1384,@iammarcohall,10300000.0,Entertainment,TikTok
1385,@sarati,10300000.0,Fitness and Health,TikTok
1386,@klavacoca,10300000.0,Entertainment,TikTok
1387,@mehakmalikofficial578,10300000.0,Unknown,TikTok
1388,@justinavalentine,10300000.0,Music,TikTok
1389,@kimmigneault,10300000.0,Entertainment,TikTok
1390,@shrouqsunshine,10300000.0,Unknown,TikTok
1391,@littel_johnny,10300000.0,Unknown,TikTok
1392,@fallontonight,10300000.0,Entertainment,TikTok
1393,@analisseworld,10300000.0,Unknown,TikTok
1394,@bizmike,10300000.0,Entertainment,TikTok
1395,@danrhodes,10300000.0,Unknown,TikTok
1396,@sauceddie,10200000.0,Celebrity,TikTok
1397,@duckinss,10200000.0,Entertainment,TikTok
1398,@mahavsekupleno,10200000.0,Entertainment,TikTok
1399,@michaeelboons,10200000.0,Unknown,TikTok
1400,@hmelkofm,10200000.0,Unknown,TikTok
1401,@kaykai_ntch,10200000.0,Unknown,TikTok
1402,@bdylanhollis,10200000.0,Unknown,TikTok
1403,@iamjordiofficial,10200000.0,Music,TikTok
1404,@karladelatorre97,10200000.0,Unknown,TikTok
1405,@rosy.salinass,10200000.0,Unknown,TikTok
1406,@vittorfernando,10200000.0,Unknown,TikTok
1407,@alwifahry,10200000.0,Unknown,TikTok
1408,@mafevasqueztv,10200000.0,Entertainment,TikTok
1409,@netflixbrasil,10200000.0,Entertainment,TikTok
1410,@itsevantan,10200000.0,Unknown,TikTok
1411,@philiptanasas,10100000.0,Entertainment,TikTok
1412,@itsjovynn,10100000.0,Entertainment,TikTok
1413,@shaulaponce2.0,10100000.0,Unknown,TikTok
1414,@ludmilla,10100000.0,Unknown,TikTok
1415,@ayypatrick,10100000.0,Entertainment,TikTok
1416,@arianny.tenorio,10100000.0,Entertainment,TikTok
1417,@djstwins,10100000.0,Entertainment,TikTok
1418,@dafaatmja,10000000.0,Unknown,TikTok
1419,@sydney_art,10000000.0,Beauty,TikTok
1420,@nick.digiovanni,10000000.0,Food,TikTok
1421,@cardibungal,10000000.0,Unknown,TikTok
1422,@andrewlarranaga,10000000.0,Unknown,TikTok
1423,@bashtheentertainer,10000000.0,Unknown,TikTok
1424,@hope_schwing,10000000.0,Acting and Drama,TikTok
1425,@turmadavalzinhaoficial,10000000.0,Entertainment,TikTok
1426,@arshsoni,10000000.0,Unknown,TikTok
1427,@dewiperssik_real,10000000.0,Entertainment,TikTok
1428,@haueterfamily,9900000.0,Family,TikTok
1429,@conradovillagra,9900000.0,Entertainment,TikTok
1430,@iamkelianne,9900000.0,Unknown,TikTok
1431,@elyblancarte,9900000.0,Unknown,TikTok
1432,@jessibrugali,9900000.0,Food,TikTok
1433,@brunomars,9900000.0,Entertainment,TikTok
1434,@issei0806,9900000.0,Unknown,TikTok
1435,@lucagallone,9900000.0,Unknown,TikTok
1436,@chikybombomreal,9900000.0,Entertainment,TikTok
1437,@billnye,9900000.0,Unknown,TikTok
1438,@deanschneider.official,9900000.0,Pets & Animals,TikTok
1439,@sherifkhalid,9800000.0,Unknown,TikTok
1440,@t22felton,9800000.0,Acting and Drama,TikTok
1441,@antonyviews,9800000.0,Unknown,TikTok
1442,@lisina15,9800000.0,Unknown,TikTok
1443,@nilered,9800000.0,Beauty,TikTok
1444,@faryal_fairyyy,9800000.0,Unknown,TikTok
1445,@portiolli,9800000.0,Unknown,TikTok
1446,@andreaespadatv,9800000.0,Entertainment,TikTok
1447,@samseats,9800000.0,Unknown,TikTok
1448,@jeenie.weenie,9700000.0,Family,TikTok
1449,@kervo.dolo,9700000.0,Product Showcase,TikTok
1450,@lima,9700000.0,Life and Society,TikTok
1451,@luccasneto,9700000.0,Unknown,TikTok
1452,@dubkovapo,9700000.0,Unknown,TikTok
1453,@mariahcarey,9700000.0,Entertainment,TikTok
1454,@chickennuggetsop,9700000.0,Entertainment,TikTok
1455,@jeremyhutchins,9700000.0,Entertainment,TikTok
1456,@azchpn,9700000.0,Pets & Animals,TikTok
1457,@afvofficial,9700000.0,Entertainment,TikTok
1458,@mir_glazami_microscopa,9700000.0,Arts and Crafts,TikTok
1459,@officialhowiemandel,9700000.0,Entertainment,TikTok
1460,@miaboyka,9700000.0,Music,TikTok
1461,@_catben_,9700000.0,Home and Garden,TikTok
1462,@ninabaiocchi,9700000.0,Arts and Crafts,TikTok
1463,@foxy,9700000.0,Beauty,TikTok
1464,@enaldinho,9600000.0,Entertainment,TikTok
1465,@elyssajoy_,9600000.0,Unknown,TikTok
1466,@jasonthores,9600000.0,Entertainment,TikTok
1467,@ruthbellpan,9600000.0,Gaming,TikTok
1468,@nico_thepomeranian,9600000.0,Pets & Animals,TikTok
1469,@jessvalortiz,9600000.0,Beauty,TikTok
1470,@chelseafc,9600000.0,Unknown,TikTok
1471,@redbedonia,9600000.0,Beauty,TikTok
1472,@rayssabuq,9600000.0,Family,TikTok
1473,@ellendegeneres,9600000.0,Unknown,TikTok
1474,@babi.pvm,9600000.0,Unknown,TikTok
1475,@cerenyaldz,9600000.0,Beauty,TikTok
1476,@sergioramos,9600000.0,Unknown,TikTok
1477,@nekoglai,9500000.0,Unknown,TikTok
1478,@valeriacarruyo,9500000.0,Entertainment,TikTok
1479,@sheenamelwani,9500000.0,Entertainment,TikTok
1480,@brefran77,9500000.0,Unknown,TikTok
1481,@instituteofhumananatomy,9500000.0,Education,TikTok
1482,@gabimfmoura,9400000.0,Unknown,TikTok
1483,@newt,9400000.0,Entertainment,TikTok
1484,@fritzdoesart,9400000.0,Arts and Crafts,TikTok
1485,@nintendo.grl,9400000.0,Entertainment,TikTok
1486,@kingzippy,9400000.0,Entertainment,TikTok
1487,@aurikatariina,9400000.0,Home and Garden,TikTok
1488,@bbygshaii,9400000.0,Unknown,TikTok
1489,@juaniquilador,9400000.0,Unknown,TikTok
1490,@preston,9400000.0,Entertainment,TikTok
1491,@nickaustinn,9400000.0,Unknown,TikTok
1492,@francallejon,9400000.0,Entertainment,TikTok
1493,@monismurf,9400000.0,Entertainment,TikTok
1494,@moscow_spider,9400000.0,Unknown,TikTok
1495,@rihanna,9400000.0,Unknown,TikTok
1496,@yoskiyoshi,9300000.0,Unknown,TikTok
1497,@soydanielaalfaro,9300000.0,Beauty,TikTok
1498,@malexaleon,9300000.0,Unknown,TikTok
1499,@lennieenverga,9300000.0,Gaming,TikTok
1500,@laurenpaley,9300000.0,Entertainment,TikTok
1501,@itskylinealcantara3,9300000.0,Unknown,TikTok
1502,@ladygaga,9300000.0,Unknown,TikTok
1503,@tool_tips,9300000.0,DIY and Life Hacks,TikTok
1504,@katieangeltv1,9300000.0,Entertainment,TikTok
1505,@ongsquad,9300000.0,Family,TikTok
1506,@maxtaylorlifts,9300000.0,Entertainment,TikTok
1507,@tiktokbrasil,9300000.0,Entertainment,TikTok
1508,@f.ukuro,9300000.0,Entertainment,TikTok
1509,@marko,9300000.0,Unknown,TikTok
1510,@babo_cds,9200000.0,Entertainment,TikTok
1511,@kylielagringa,9200000.0,Unknown,TikTok
1512,@magic_daniell,9200000.0,Animation and Cosplay,TikTok
1513,@baby_simba47,9200000.0,Entertainment,TikTok
1514,@cacilbillyeonnie,9200000.0,Entertainment,TikTok
1515,@montanatucker,9200000.0,Entertainment,TikTok
1516,@magicianshin,9200000.0,Entertainment,TikTok
1517,@ananda,9200000.0,Entertainment,TikTok
1518,@_elan__,9100000.0,Entertainment,TikTok
1519,@alaa.ayyman,9100000.0,Pets & Animals,TikTok
1520,@ikerunzu,9100000.0,Unknown,TikTok
1521,@colleen,9100000.0,Unknown,TikTok
1522,@dinosonso_ofc,9100000.0,Unknown,TikTok
1523,@katkatmanimtim123,9100000.0,Entertainment,TikTok
1524,@annhien_boiboi,9100000.0,Family,TikTok
1525,@davidjustinn,9100000.0,Entertainment,TikTok
1526,@jonathanrivera04,9100000.0,Unknown,TikTok
1527,@semaebaaa,9100000.0,Entertainment,TikTok
1528,@bryankazaka,9000000.0,Entertainment,TikTok
1529,@jenna0rtega,9000000.0,Unknown,TikTok
1530,@sofiapablo,9000000.0,Unknown,TikTok
1531,@dannyphantom.exe,9000000.0,Entertainment,TikTok
1532,@ashmagic,9000000.0,Entertainment,TikTok
1533,@caseysimpson,9000000.0,Entertainment,TikTok
1534,@trishaaazia,9000000.0,Beauty,TikTok
1535,@kaelimaee,9000000.0,Unknown,TikTok
1536,@jmong044,9000000.0,Unknown,TikTok
1537,@stephen_benihagan,9000000.0,Entertainment,TikTok
1538,@monakhovan_,8900000.0,Family,TikTok
1539,@lolaloliitaaa,8900000.0,Beauty,TikTok
1540,@sylvester_danielle_,8900000.0,Unknown,TikTok
1541,@inazein29,8900000.0,Unknown,TikTok
1542,@thomassanders,8900000.0,Entertainment,TikTok
1543,@ash_lay,8900000.0,Family,TikTok
1544,@audrey_8a,8900000.0,Life and Society,TikTok
1545,@rap,8900000.0,Entertainment,TikTok
1546,@laurenxburch,8900000.0,Gaming,TikTok
1547,@ponchodenigris,8900000.0,Unknown,TikTok
1548,@haileeandkendra,8900000.0,Entertainment,TikTok
1549,@raissachaddad,8900000.0,Acting and Drama,TikTok
1550,@billlnai,8900000.0,Education,TikTok
1551,@hoangvinhhh,8900000.0,Entertainment,TikTok
1552,@noorstars,8900000.0,Unknown,TikTok
1553,@userdgjhnguj5f,8800000.0,Unknown,TikTok
1554,@5.minute.recycle,8800000.0,DIY and Life Hacks,TikTok
1555,@lourdasprec,8800000.0,Unknown,TikTok
1556,@lebong95,8800000.0,Entertainment,TikTok
1557,@victtoriamedeiros,8800000.0,Unknown,TikTok
1558,@georgenotfound,8800000.0,Entertainment,TikTok
1559,@emmycombss,8800000.0,Beauty,TikTok
1560,@arayfer_ha,8800000.0,Entertainment,TikTok
1561,@roblox,8800000.0,Gaming,TikTok
1562,@jaynagy,8800000.0,Entertainment,TikTok
1563,@dancingwheelz,8800000.0,Unknown,TikTok
1564,@dunk,8800000.0,Sports,TikTok
1565,@samsmith,8700000.0,Unknown,TikTok
1566,@daddyming,8700000.0,Unknown,TikTok
1567,@quocthanh0308,8700000.0,Entertainment,TikTok
1568,@aydenmekus,8700000.0,Unknown,TikTok
1569,@loud_thaiga,8700000.0,Unknown,TikTok
1570,@destorm,8700000.0,Entertainment,TikTok
1571,@thegreatlondini.com,8700000.0,Entertainment,TikTok
1572,@veydi_rush,8700000.0,Unknown,TikTok
1573,@iamjustinvibes,8700000.0,Entertainment,TikTok
1574,@parker_james,8700000.0,Beauty,TikTok
1575,@kik0404,8700000.0,Unknown,TikTok
1576,@shimanshow,8700000.0,Entertainment,TikTok
1577,@simaria,8700000.0,Unknown,TikTok
1578,@ishowspeed,8700000.0,Unknown,TikTok
1579,@greeicybaila,8600000.0,Entertainment,TikTok
1580,@uzmarahil724,8600000.0,Unknown,TikTok
1581,@pepperonimuffin,8600000.0,Entertainment,TikTok
1582,@hesfinatia,8600000.0,Unknown,TikTok
1583,@nfl,8600000.0,Sports,TikTok
1584,@icycol,8600000.0,Business and Finance,TikTok
1585,@any_cemar,8600000.0,Unknown,TikTok
1586,@loud_coringa,8600000.0,Unknown,TikTok
1587,@tiktokmena,8600000.0,Unknown,TikTok
1588,@uchiyamasan7322,8600000.0,Unknown,TikTok
1589,@_xochitl.gomez,8500000.0,Unknown,TikTok
1590,@eminem,8500000.0,Unknown,TikTok
1591,@lisabarcelox,8500000.0,Unknown,TikTok
1592,@yosoyantrax,8500000.0,Entertainment,TikTok
1593,@antonioslimgovea,8500000.0,Business and Finance,TikTok
1594,@joaopedrochaseliov,8500000.0,Unknown,TikTok
1595,@jombospice,8500000.0,Food,TikTok
1596,@chrisbrownofficial,8500000.0,Unknown,TikTok
1597,@cellat36,8500000.0,Unknown,TikTok
1598,@macarenac10,8500000.0,Unknown,TikTok
1599,@beberexha,8500000.0,Entertainment,TikTok
1600,@desmonddennis,8500000.0,Unknown,TikTok
1601,@itzyofficial,8500000.0,Entertainment,TikTok
1602,@twins.verz.parodies,8500000.0,Entertainment,TikTok
1603,@luizaparente,8400000.0,Beauty,TikTok
1604,@lewiscapaldi,8400000.0,Unknown,TikTok
1605,@elsarca,8400000.0,Arts and Crafts,TikTok
1606,@fyp,8400000.0,Entertainment,TikTok
1607,@erikakullberg,8400000.0,Business and Finance,TikTok
1608,@daniuniverse,8300000.000000001,Entertainment,TikTok
1609,@bobacott,8300000.000000001,Unknown,TikTok
1610,@ssmaaaryy,8300000.000000001,Entertainment,TikTok
1611,@jimmydarts,8300000.000000001,Entertainment,TikTok
1612,@style,8300000.000000001,Beauty,TikTok
1613,@oli_natu,8300000.000000001,Nature,TikTok
1614,@jasonbankscomedy,8300000.000000001,Entertainment,TikTok
1615,@elvir_aljicevic,8300000.000000001,Unknown,TikTok
1616,@samadhiza_,8300000.000000001,Entertainment,TikTok
1617,@lynaperezxo,8300000.000000001,Beauty,TikTok
1618,@lilyachty,8300000.000000001,Unknown,TikTok
1619,@euwatson,8300000.000000001,Unknown,TikTok
1620,@mariano_razo,8300000.000000001,Entertainment,TikTok
1621,@kessel_nathan_official,8300000.000000001,Entertainment,TikTok
1622,@shabiraalulaadnan,8300000.000000001,Education,TikTok
1623,@mattsteffanina,8300000.000000001,Music,TikTok
1624,@petroutv,8300000.000000001,Entertainment,TikTok
1625,@kaylieleass,8199999.999999999,Unknown,TikTok
1626,@honeybobabear,8199999.999999999,Entertainment,TikTok
1627,@arito__,8199999.999999999,Entertainment,TikTok
1628,@kingali,8199999.999999999,Unknown,TikTok
1629,@matiasseba.ochoa2,8199999.999999999,Unknown,TikTok
1630,@s.gorshok,8199999.999999999,Unknown,TikTok
1631,@magno_scavo,8199999.999999999,Unknown,TikTok
1632,@luccasabreuu,8199999.999999999,Unknown,TikTok
1633,@_cjma,8199999.999999999,Education,TikTok
1634,@yukiitakahashiii,8199999.999999999,Entertainment,TikTok
1635,@nowunited,8199999.999999999,Unknown,TikTok
1636,@baimwong,8199999.999999999,Unknown,TikTok
1637,@simonjosephjavier,8199999.999999999,Entertainment,TikTok
1638,@memounstro,8199999.999999999,Gaming,TikTok
1639,@sptrakori_,8100000.0,Unknown,TikTok
1640,@thequeendaro,8100000.0,Beauty,TikTok
1641,@kagiristwins,8100000.0,Family,TikTok
1642,@clarissachristiyan,8100000.0,Unknown,TikTok
1643,@soymaryorit,8100000.0,Entertainment,TikTok
1644,@buzova86,8100000.0,Entertainment,TikTok
1645,@mariicentenoooo,8100000.0,Unknown,TikTok
1646,@j3ipy_,8100000.0,Education,TikTok
1647,@donnalyn,8100000.0,Entertainment,TikTok
1648,@johnmarcvanwyk3,8100000.0,Unknown,TikTok
1649,@juliaolympio,8100000.0,Entertainment,TikTok
1650,@marvsfojas,8100000.0,Unknown,TikTok
1651,@maiaknight,8100000.0,Unknown,TikTok
1652,@mancity,8100000.0,Sports,TikTok
1653,@samuelgrubbs,8100000.0,Entertainment,TikTok
1654,@alinaandkristinaa,8000000.0,Beauty,TikTok
1655,@gageslife,8000000.0,Unknown,TikTok
1656,@giovannidasrimass,8000000.0,Unknown,TikTok
1657,@ricklimatv,8000000.0,Unknown,TikTok
1658,@madaebica,8000000.0,Entertainment,TikTok
1659,@eoirn_eoirn,8000000.0,Unknown,TikTok
1660,@cande.copello,8000000.0,Animation and Cosplay,TikTok
1661,@youungeer,8000000.0,Unknown,TikTok
1662,@andreswilley,8000000.0,Unknown,TikTok
1663,@pologuerrero.med,8000000.0,Education,TikTok
1664,@evelyn_rangeel,8000000.0,Unknown,TikTok
1665,@edw1n_98,8000000.0,Entertainment,TikTok
1666,@wisdm8,8000000.0,Unknown,TikTok
1667,@unicosobreviviente,8000000.0,Entertainment,TikTok
1668,@mrballen,8000000.0,Unknown,TikTok
1669,@drewafualo,8000000.0,Entertainment,TikTok
1670,@munchie.michelle,8000000.0,Unknown,TikTok
1671,@ash.e.e,8000000.0,Unknown,TikTok
1672,@mgkhant413,8000000.0,Unknown,TikTok
1673,@pandaaventurerotiktok,8000000.0,Entertainment,TikTok
1674,@tiboinshape,8000000.0,Fitness and Health,TikTok
1675,@davidyrodriguez,8000000.0,Unknown,TikTok
1676,@noordabashh,7900000.0,Unknown,TikTok
1677,@instantbollywood,7900000.0,Entertainment,TikTok
1678,@jasonmoments,7900000.0,Entertainment,TikTok
1679,@slevtaylor,7900000.0,Unknown,TikTok
1680,@los_escachaitos,7900000.0,Unknown,TikTok
1681,@serezha.omg,7900000.0,Unknown,TikTok
1682,@noahschnacky,7900000.0,Entertainment,TikTok
1683,@kiliquinha,7900000.0,Education,TikTok
1684,@lecker77,7900000.0,Unknown,TikTok
1685,@wlguimaraess,7900000.0,Beauty,TikTok
1686,@iamoliviaponton,7800000.0,Sports,TikTok
1687,@mapusa,7800000.0,Unknown,TikTok
1688,@anastasia_yseeva_17,7800000.0,Entertainment,TikTok
1689,@iamoliviaponton,7800000.0,Sports,TikTok
1690,@anastasia_yseeva_17,7800000.0,Entertainment,TikTok
1691,@mapusa,7800000.0,Unknown,TikTok
1692,@yun_bao,7800000.0,Entertainment,TikTok
1693,@yun_bao,7800000.0,Entertainment,TikTok
1694,@kaialana,7800000.0,Unknown,TikTok
1695,@boxlapse,7800000.0,Photography,TikTok
1696,@djhuntsofficial,7800000.0,Entertainment,TikTok
1697,@liverpoolfc,7800000.0,Sports,TikTok
1698,@chapi_tosya,7800000.0,Pets & Animals,TikTok
1699,@leonardo_rubens,7800000.0,Entertainment,TikTok
1700,@valentinebrothers,7700000.0,Entertainment,TikTok
1701,@camille_la_danseuse,7700000.0,Entertainment,TikTok
1702,@devincaherly,7700000.0,Unknown,TikTok
1703,@markanastasio,7700000.0,Entertainment,TikTok
1704,@ericstruk,7700000.0,Entertainment,TikTok
1705,@missdouaa.officiel,7700000.0,Beauty,TikTok
1706,@joaoferdnan,7700000.0,Entertainment,TikTok
1707,@pressley,7700000.0,Entertainment,TikTok
1708,@steff_happy,7700000.0,Unknown,TikTok
1709,@betch,7700000.0,Unknown,TikTok
1710,@lera_izumrud,7700000.0,Unknown,TikTok
1711,@panarinkaa,7700000.0,Sports,TikTok
1712,@nabela,7700000.0,Beauty,TikTok
1713,@edgardumali,7700000.0,Beauty,TikTok
1714,@ashleytisdale,7700000.0,Entertainment,TikTok
1715,@valenrewah,7700000.0,Unknown,TikTok
1716,@vennyalberti165,7700000.0,Unknown,TikTok
1717,@lilmark_m256,7700000.0,Unknown,TikTok
1718,@jacquesvanier,7700000.0,Entertainment,TikTok
1719,@matheusevitoriaofc,7700000.0,Romance and Wedding,TikTok
1720,@lilmark_m256,7700000.0,Unknown,TikTok
1721,@betch,7700000.0,Unknown,TikTok
1722,@panarinkaa,7700000.0,Sports,TikTok
1723,@devincaherly,7700000.0,Unknown,TikTok
1724,@markanastasio,7700000.0,Entertainment,TikTok
1725,@ericstruk,7700000.0,Entertainment,TikTok
1726,@missdouaa.officiel,7700000.0,Beauty,TikTok
1727,@joaoferdnan,7700000.0,Entertainment,TikTok
1728,@pressley,7700000.0,Acting and Drama,TikTok
1729,@valentinebrothers,7700000.0,Entertainment,TikTok
1730,@steff_happy,7700000.0,Unknown,TikTok
1731,@lera_izumrud,7700000.0,Unknown,TikTok
1732,@nabela,7700000.0,Beauty,TikTok
1733,@edgardumali,7700000.0,Beauty,TikTok
1734,@ashleytisdale,7700000.0,Unknown,TikTok
1735,@matheusevitoriaofc,7700000.0,Entertainment,TikTok
1736,@valenrewah,7700000.0,Unknown,TikTok
1737,@vennyalberti165,7700000.0,Unknown,TikTok
1738,@jacquesvanier,7700000.0,Entertainment,TikTok
1739,@camille_la_danseuse,7700000.0,Entertainment,TikTok
1740,@xzit_thamer,7600000.0,Gaming,TikTok
1741,@kennelly_michelle,7600000.0,Beauty,TikTok
1742,@ximeponch,7600000.0,Beauty,TikTok
1743,@uuryaman,7600000.0,Entertainment,TikTok
1744,@guilhermetank,7600000.0,Entertainment,TikTok
1745,@kengtachaya,7600000.0,Unknown,TikTok
1746,@hshq,7600000.0,Unknown,TikTok
1747,@trippydraws,7600000.0,Arts and Crafts,TikTok
1748,@shindongho_kr,7600000.0,Unknown,TikTok
1749,@sbt,7600000.0,Entertainment,TikTok
1750,@joshpeck,7600000.0,Unknown,TikTok
1751,@shindongho_kr,7600000.0,Unknown,TikTok
1752,@badabun,7600000.0,Entertainment,TikTok
1753,@joshpeck,7600000.0,Unknown,TikTok
1754,@badabun,7600000.0,Entertainment,TikTok
1755,@ale4kafly,7600000.0,Unknown,TikTok
1756,@gehadhassann,7500000.0,Unknown,TikTok
1757,@exi_sosa,7500000.0,Acting and Drama,TikTok
1758,@sarahhmiladd,7500000.0,Unknown,TikTok
1759,@guseingasanov,7500000.0,Entertainment,TikTok
1760,@swagrman,7500000.0,Unknown,TikTok
1761,@sera,7500000.0,Entertainment,TikTok
1762,@manuelconecta,7500000.0,Unknown,TikTok
1763,@maseplace,7500000.0,Travel,TikTok
1764,@alegalvanv,7500000.0,Unknown,TikTok
1765,@brandonspam_,7500000.0,Unknown,TikTok
1766,@lkbphotography_,7500000.0,Unknown,TikTok
1767,@ricoanimations0,7500000.0,Animation and Cosplay,TikTok
1768,@jcamilopulgarin,7500000.0,Entertainment,TikTok
1769,@jojotodynho,7500000.0,Unknown,TikTok
1770,@bellekaffer,7400000.0,Unknown,TikTok
1771,@wicsur,7400000.0,Unknown,TikTok
1772,@enochtrue,7400000.0,Unknown,TikTok
1773,@rolandpollard,7400000.0,Unknown,TikTok
1774,@greyandmama,7400000.0,Business and Finance,TikTok
1775,@zaydelie,7400000.0,Entertainment,TikTok
1776,@chefboybonez,7400000.0,Food,TikTok
1777,@chris,7400000.0,Entertainment,TikTok
1778,@moderngoalkeeper,7400000.0,Unknown,TikTok
1779,@destinopositivo,7400000.0,Unknown,TikTok
1780,@elmelee,7400000.0,Unknown,TikTok
1781,@elrufas,7400000.0,Unknown,TikTok
1782,@yosoyplexx,7400000.0,Unknown,TikTok
1783,@sawardega,7400000.0,Family,TikTok
1784,@tracy.oj,7400000.0,Entertainment,TikTok
1785,@visit,7400000.0,Travel,TikTok
1786,@mujtabalakhani123,7400000.0,Unknown,TikTok
1787,@lyndaparra,7400000.0,Unknown,TikTok
1788,@leanbeefpatty,7400000.0,Beauty,TikTok
1789,@fahiramira,7400000.0,Unknown,TikTok
1790,@mikethechameleon,7400000.0,Education,TikTok
1791,@choctiv,7400000.0,Entertainment,TikTok
1792,@lasespabilasofficial,7400000.0,Entertainment,TikTok
1793,@gnb.official,7300000.0,Family,TikTok
1794,@theo_landji,7300000.0,Unknown,TikTok
1795,@iamryantanada,7300000.0,Gaming,TikTok
1796,@jess.bonfioli,7300000.0,Entertainment,TikTok
1797,@mr.virgo3501,7300000.0,Product Showcase,TikTok
1798,@daz_black,7300000.0,Entertainment,TikTok
1799,@carolatv_,7300000.0,Unknown,TikTok
1800,@kendallvertes,7300000.0,Beauty,TikTok
1801,@bietheska,7300000.0,Unknown,TikTok
1802,@dddkembar,7300000.0,Unknown,TikTok
1803,@isabrunellii,7300000.0,Unknown,TikTok
1804,@therealoverloadcomedy,7300000.0,Entertainment,TikTok
1805,@iaaras2,7300000.0,Beauty,TikTok
1806,@oieuro,7300000.0,Entertainment,TikTok
1807,@lehvideira,7300000.0,Entertainment,TikTok
1808,@chrishemsworth,7300000.0,Unknown,TikTok
1809,@englishwithgeet,7300000.0,Unknown,TikTok
1810,@faulox_,7300000.0,Entertainment,TikTok
1811,@hinataelka,7300000.0,Animation and Cosplay,TikTok
1812,@andweaso,7300000.0,Entertainment,TikTok
1813,@ameliezilber,7300000.0,Unknown,TikTok
1814,@ruicarlota,7300000.0,Entertainment,TikTok
1815,@melissametrano,7300000.0,Entertainment,TikTok
1816,@ekosaputra20,7200000.0,Unknown,TikTok
1817,@thejonathanmoss,7200000.0,Entertainment,TikTok
1818,@shaymitchell,7200000.0,Unknown,TikTok
1819,@talokudo,7200000.0,Entertainment,TikTok
1820,@antxana,7200000.0,Unknown,TikTok
1821,@sofiabrano,7200000.0,Entertainment,TikTok
1822,@prillylatuconsina15,7200000.0,Entertainment,TikTok
1823,@losadnmx,7200000.0,Unknown,TikTok
1824,@asherangel,7200000.0,Acting and Drama,TikTok
1825,@myuz_gaza1,7200000.0,Unknown,TikTok
1826,@ikoyunichi,7200000.0,Product Showcase,TikTok
1827,@smile_bam,7200000.0,Beauty,TikTok
1828,@merayad_,7200000.0,Unknown,TikTok
1829,@ey.dinn,7200000.0,Unknown,TikTok
1830,@blesiv,7200000.0,Romance and Wedding,TikTok
1831,@soyeddieschobert6,7200000.0,Entertainment,TikTok
1832,@mr_battery,7200000.0,Unknown,TikTok
1833,@theshanaofficial,7200000.0,Music,TikTok
1834,@allan_jeon,7200000.0,Unknown,TikTok
1835,@mirelajanis,7200000.0,Entertainment,TikTok
1836,@asadaliofficiall,7100000.0,Unknown,TikTok
1837,@borovikdashaa,7100000.0,Entertainment,TikTok
1838,@juliolopezjl,7100000.0,Music,TikTok
1839,@420doggface208,7100000.0,Entertainment,TikTok
1840,@moreeandrade,7100000.0,Acting and Drama,TikTok
1841,@sugarandspice,7100000.0,Unknown,TikTok
1842,@fairyfajardokidaaa,7100000.0,Beauty,TikTok
1843,@0906yu_rin,7100000.0,Education,TikTok
1844,@finnsreality,7100000.0,Entertainment,TikTok
1845,@jesuacunnigham,7100000.0,Unknown,TikTok
1846,@xkarentorresx,7100000.0,Beauty,TikTok
1847,@katyperry,7100000.0,Entertainment,TikTok
1848,@kauanahofem,7100000.0,Unknown,TikTok
1849,@nour.magic,7100000.0,Entertainment,TikTok
1850,@howieazy,7100000.0,Entertainment,TikTok
1851,@leakdrama,7100000.0,Unknown,TikTok
1852,@satisfying..x..lips,7100000.0,Food,TikTok
1853,@ftwinzgottalent,7100000.0,Entertainment,TikTok
1854,@junktramp,7100000.0,Unknown,TikTok
1855,@beto.locuras,7100000.0,Unknown,TikTok
1856,@ramenkingivan,7100000.0,Food,TikTok
1857,@marktilbury,7100000.0,Business and Finance,TikTok
1858,@food_raiders,7100000.0,Food,TikTok
1859,@diegocadena,7100000.0,Family,TikTok
1860,@mannixcaranchoofficial,7100000.0,Product Showcase,TikTok
1861,@smashedely,7100000.0,Beauty,TikTok
1862,@andreaandlewis,7000000.0,Travel,TikTok
1863,@buddyvalastro,7000000.0,Food,TikTok
1864,@theewilliam45,7000000.0,Life and Society,TikTok
1865,@bryan_skabeche,7000000.0,Entertainment,TikTok
1866,@gisel_laaa,7000000.0,Pets & Animals,TikTok
1867,@rezende,7000000.0,Unknown,TikTok
1868,@ameliagething,7000000.0,Unknown,TikTok
1869,@mylifeaseva,7000000.0,Entertainment,TikTok
1870,@asadrayofficial,7000000.0,Unknown,TikTok
1871,@br4dsito,7000000.0,Unknown,TikTok
1872,@bindasskavyaa_,7000000.0,Entertainment,TikTok
1873,@michou_yt,7000000.0,Unknown,TikTok
1874,@jennypopach,7000000.0,Beauty,TikTok
1875,@chinpals,7000000.0,Pets & Animals,TikTok
1876,@tatemcrae,7000000.0,Entertainment,TikTok
1877,@liamsilk,7000000.0,Entertainment,TikTok
1878,@okanutie,7000000.0,Unknown,TikTok
1879,@ozkar___,7000000.0,Education,TikTok
1880,@kobyakov_vlad,7000000.0,Unknown,TikTok
1881,@roshannnn1,7000000.0,Unknown,TikTok
1882,@itsautumntiktok,6900000.0,Entertainment,TikTok
1883,@annnexmp,6900000.0,Romance and Wedding,TikTok
1884,@dyaahh19,6900000.0,Unknown,TikTok
1885,@inul.daratista,6900000.0,Unknown,TikTok
1886,@gustavotubarao,6900000.0,Unknown,TikTok
1887,@sarumaoficial,6900000.0,Unknown,TikTok
1888,@latelateshow,6900000.0,Entertainment,TikTok
1889,@heartlynrae,6900000.0,Unknown,TikTok
1890,@hahadetka,6900000.0,Entertainment,TikTok
1891,@ble_patumrach,6900000.0,Unknown,TikTok
1892,@arnon605ac,6900000.0,Entertainment,TikTok
1893,@natalikes,6900000.0,Beauty,TikTok
1894,@enbiggen,6900000.0,Unknown,TikTok
1895,@itsjuztaba,6900000.0,Entertainment,TikTok
1896,@guavajuice,6900000.0,Unknown,TikTok
1897,@thekalimuscle,6900000.0,Unknown,TikTok
1898,@palomasouza.s,6900000.0,Entertainment,TikTok
1899,@mariabecerra_22,6900000.0,Music,TikTok
1900,@ahmedhelmy,6900000.0,Entertainment,TikTok
1901,@krysandkareem,6900000.0,Unknown,TikTok
1902,@marvin4eva33,6900000.0,Unknown,TikTok
1903,@haymakers,6900000.0,Sports,TikTok
1904,@othiagoventura,6900000.0,Entertainment,TikTok
1905,@freefirevnofficial,6900000.0,Gaming,TikTok
1906,@brylkaproject,6800000.0,Arts and Crafts,TikTok
1907,@funnelvision,6800000.0,Unknown,TikTok
1908,@lauraclery,6800000.0,Entertainment,TikTok
1909,@soylamorena,6800000.0,Romance and Wedding,TikTok
1910,@anmol_noor1,6800000.0,Beauty,TikTok
1911,@tatyanddavon,6800000.0,Family,TikTok
1912,@mostlyluca,6800000.0,Unknown,TikTok
1913,@britneyspears,6800000.0,Unknown,TikTok
1914,@brunapgo,6800000.0,Unknown,TikTok
1915,@alberee_,6800000.0,Unknown,TikTok
1916,@nasdaily,6800000.0,Education,TikTok
1917,@orzutiextra,6800000.0,Entertainment,TikTok
1918,@mateuspain,6800000.0,Entertainment,TikTok
1919,@thestickmenproject,6800000.0,Entertainment,TikTok
1920,@cyrilschr,6800000.0,Unknown,TikTok
1921,@filaretiki,6800000.0,Entertainment,TikTok
1922,@leonleiden,6800000.0,Unknown,TikTok
1923,@yaszou,6700000.0,Beauty,TikTok
1924,@itsryanshakes,6700000.0,Entertainment,TikTok
1925,@sergiojuradoyt,6700000.0,Unknown,TikTok
1926,@alexyoumazzo,6700000.0,Entertainment,TikTok
1927,@dababy,6700000.0,Unknown,TikTok
1928,@brycemckenzie,6700000.0,Unknown,TikTok
1929,@omarchaparrooficial,6700000.0,Acting and Drama,TikTok
1930,@s_johnson_voiceovers,6700000.0,Entertainment,TikTok
1931,@tadevlogs,6700000.0,Entertainment,TikTok
1932,@fortnitesections,6700000.0,Gaming,TikTok
1933,@memezar,6700000.0,Unknown,TikTok
1934,@ustazebitlew,6700000.0,Business and Finance,TikTok
1935,@johnnyvalentineee,6700000.0,Food,TikTok
1936,@kashees.official,6700000.0,Beauty,TikTok
1937,@angellica2201,6700000.0,Unknown,TikTok
1938,@redbull,6700000.0,Unknown,TikTok
1939,@joshotusanya,6700000.0,Entertainment,TikTok
1940,@aureliadobre,6700000.0,Sports,TikTok
1941,@bhadbhabie,6700000.0,Entertainment,TikTok
1942,@asoothesizzler,6700000.0,Beauty,TikTok
1943,@takatta,6700000.0,Entertainment,TikTok
1944,@sidmr.rapper4,6600000.0,Entertainment,TikTok
1945,@katebrush,6600000.0,Unknown,TikTok
