rank,Youtuber,subscribers,video views,video count,category
1,MrBeast,291000000.0,53092894732.0,803.0,Entertainment
2,T-Series,268000000.0,259258211055.0,21280.0,Music
4,Cocomelon - Nursery Rhymes,177000000.0,182880824642.0,1194.0,Education
5,SET India,174000000.0,165774163058.0,140318.0,Shows
6,â¿ Kids Diana Show,123000000.0,104040819679.0,1231.0,People & Blogs
8,Vlad and Niki,120000000.0,91759608217.0,731.0,Entertainment
9,Like Nastya,117000000.0,101603814547.0,887.0,People & Blogs
10,PewDiePie,111000000.0,29328492619.0,4770.0,Gaming
11,Zee Music Company,108000000.0,67399922897.0,11440.0,Music
12,WWE,102000000.0,85602009747.0,77193.0,Sports
13,Goldmines,97700000.0,29240728832.0,8659.0,Film & Animation
14,BLACKPINK,94100000.0,36021960664.0,597.0,People & Blogs
15,Sony SAB,93300000.0,116238964768.0,86850.0,Shows
17,ChuChu TV Nursery Rhymes & Kids Songs,91600000.0,51305656343.0,801.0,Education
18,Zee TV,81400000.0,91006787229.0,178386.0,Entertainment
19,5-Minute Crafts,80700000.0,27455627745.0,7087.0,Howto & Style
20,BANGTANTV,78400000.0,22968911487.0,2515.0,Music
21,Baby Shark - Pinkfong Kidsâ Songs & Stories,75700000.0,44257239905.0,3252.0,Education
22,HYBE LABELS,75200000.0,34632608242.0,1902.0,Music
24,Colors TV,73600000.0,71641796299.0,154454.0,Shows
25,Justin Bieber,73100000.0,32634888190.0,249.0,Music
26,Stokes Twins,71200000.0,10113014895.0,309.0,People & Blogs
27,Shemaroo Filmi Gaane,68700000.0,29441166518.0,8617.0,Music
28,T-Series Bhakti Sagar,68100000.0,34260974230.0,28136.0,Music
29,Canal KondZilla,67200000.0,38347695327.0,2819.0,Music
30,Tips Official,66700000.0,39279328818.0,5947.0,Music
31,Aaj Tak,65700000.0,32333915976.0,370683.0,News & Politics
32,El Reino Infantil,64700000.0,60919707099.0,1492.0,Music
33,Infobells - Hindi,62800000.0,36438515161.0,681.0,Education
34,Wave Music,62200000.0,42873251322.0,20213.0,Music
35,Movieclips,61600000.0,62427428464.0,40741.0,Film & Animation
36,Sony Music India,60800000.0,32233531039.0,4767.0,Music
37,EminemMusic,60700000.0,30036530673.0,166.0,Music
38,YRF,60400000.0,41487584841.0,4123.0,Film & Animation
39,Dude Perfect,60300000.0,17514225371.0,439.0,Sports
40,Taylor Swift,59400000.0,35440261917.0,269.0,Music
41,ZAMZAM ELECTRONICS TRADING,58800000.0,27198751832.0,17792.0,People & Blogs
42,Toys and Colors,57900000.0,67162901300.0,1258.0,Entertainment
43,Marshmello,57200000.0,15902479982.0,487.0,Entertainment
44,LooLoo Kids - Nursery Rhymes and Children's Songs,57100000.0,34798159048.0,854.0,Music
45,A4,57100000.0,29190272450.0,923.0,Gaming
46,BillionSurpriseToys  - Nursery Rhymes & Cartoons,56900000.0,11673410700.0,1069.0,Education
47,HAR PAL GEO,55500000.0,54683926743.0,135573.0,Entertainment
48,Ed Sheeran,54800000.0,32437895947.0,507.0,Music
49,PANDA BOI,54800000.0,24475508895.0,1102.0,Entertainment
50,Ariana Grande,54300000.0,26209779791.0,197.0,Music
51,ARY Digital HD,54300000.0,51705023498.0,140869.0,Entertainment
52,Mark Rober,53900000.0,6506881824.0,158.0,Science & Technology
53,Shemaroo,53800000.0,24680630641.0,12419.0,Entertainment
54,Fede Vigevani,52400000.0,14520459372.0,1336.0,Howto & Style
55,Billie Eilish,52100000.0,16049344873.0,125.0,Music
56,Get Movies,51400000.0,33141213569.0,3520.0,Entertainment
57,KL BRO Biju Rithvik,51200000.0,41109027068.0,2567.0,Entertainment
58,SonyMusicIndiaVEVO,50800000.0,31222158601.0,3748.0,Music
59,Mikecrack,50600000.0,18663675041.0,2043.0,Gaming
60,JuegaGerman,50300000.0,15513182758.0,2183.0,Gaming
61,YOLO AVENTURAS,50100000.0,16463499433.0,2400.0,People & Blogs
62,Jess No Limit,49900000.0,6536345589.0,2956.0,Entertainment
65,Masha and The Bear,48400000.0,28485255788.0,1455.0,Shows
66,ABS-CBN Entertainment,48400000.0,55095533698.0,227805.0,People & Blogs
67,BETER BÃCÃK,47900000.0,28661989573.0,4810.0,Gaming
68,Bad Bunny,47900000.0,35362414855.0,155.0,Music
69,Voot Kids,47600000.0,22856074597.0,5918.0,Entertainment
70,Fernanfloo,47500000.0,10610723204.0,546.0,Gaming
71,Badabun,47400000.0,19772255024.0,22073.0,Entertainment
72,Alan Chikin Chow,47000000.0,40709696724.0,1249.0,Comedy
73,Felipe Neto,46400000.0,17732870101.0,4941.0,Entertainment
74,Shakira,46300000.0,30347249853.0,358.0,People & Blogs
75,Ricis Official,46300000.0,7786094884.0,4434.0,People & Blogs
76,Alan Walker,45600000.0,14258353183.0,586.0,Music
77,VocÃª Sabia?,45500000.0,8068332713.0,1688.0,Entertainment
78,Ishtar Music,45500000.0,19474774870.0,4628.0,Other
79,Kimberly Loaiza,45200000.0,6610721301.0,316.0,People & Blogs
80,Katy Perry,45100000.0,26798028090.0,144.0,Music
82,whinderssonnunes,44700000.0,4525189693.0,783.0,Comedy
83,BRIGHT SIDE,44600000.0,11171783610.0,8090.0,Howto & Style
84,LUCCAS NETO - LUCCAS TOON,44400000.0,25556958754.0,2765.0,People & Blogs
85,MrBeast Gaming,44300000.0,7944702679.0,141.0,Gaming
86,StarPlus,44200000.0,44481476325.0,91270.0,Entertainment
87,Speed Records,44200000.0,29070837738.0,11533.0,Music
88,ABP NEWS,44000000.0,17435032188.0,385815.0,People & Blogs
89,HolaSoyGerman.,43900000.0,4893353076.0,136.0,Entertainment
90,MrBeast 2,43400000.0,6787865362.0,114.0,People & Blogs
91,Like Nastya Show,43400000.0,20546329867.0,715.0,Entertainment
92,shfa,43400000.0,25296478846.0,1129.0,People & Blogs
93,Rihanna,43300000.0,24335682178.0,88.0,Entertainment
94,Sony PAL,43200000.0,33014779352.0,28635.0,Shows
95,Luisito Comunica,42900000.0,9805106335.0,1363.0,Comedy
96,Maria Clara & JP,42900000.0,27949471314.0,826.0,People & Blogs
97,DaFuq!?Boom!,42500000.0,16835482418.0,296.0,Film & Animation
98,Goldmines Gaane Sune Ansune,42400000.0,19110166918.0,3818.0,Music
99,Real fools shorts official,42300000.0,18415561976.0,571.0,People & Blogs
100,Total Gaming,42200000.0,4276753550.0,503.0,Gaming
101,CarryMinati,42200000.0,3784167630.0,197.0,Comedy
102,Alejo Igoa,42200000.0,17251500103.0,1078.0,Comedy
103,Super Simple Songs - Kids Songs,42000000.0,51084188805.0,794.0,Education
104,IndiaTV,41900000.0,20517655107.0,307265.0,News & Politics
105,Dushyant kukreja,41900000.0,25506333881.0,1204.0,Entertainment
106,ê¹íë¡KIMPRO,41600000.0,40209851264.0,3234.0,People & Blogs
107,Saregama Music,41500000.0,19792757838.0,8850.0,Entertainment
108,TheDonato,41100000.0,7580831240.0,3528.0,Entertainment
109,Genevieve's Playhouse - Learning Videos for Kids,41100000.0,30980464151.0,642.0,Education
110,PowerKids TV,41100000.0,21804710085.0,8161.0,Film & Animation
111,WorkpointOfficial,41100000.0,38624475301.0,85224.0,Entertainment
112,Little Baby Bum - Nursery Rhymes & Kids Songs,41000000.0,40511633246.0,2670.0,Education
113,T-Series Bollywood Classics,41000000.0,26793964904.0,2061.0,Music
114,TEDx Talks,41000000.0,7918138555.0,218179.0,Other
115,GR6 EXPLODE,40900000.0,28306680542.0,3380.0,Music
116,Techno Gamerz,40900000.0,11885843855.0,1041.0,Gaming
117,Shorts Break,40700000.0,28104353168.0,626.0,Comedy
118,YouTube,40700000.0,2882136109.0,731.0,News & Politics
120,XXXTENTACION,40500000.0,11072517534.0,135.0,Music
121,à¸à¹à¸­à¸ one31,40500000.0,28522221008.0,145944.0,Entertainment
122,MR. INDIAN HACKER,40400000.0,7079456488.0,1032.0,Science & Technology
123,Like Nastya ESP,40400000.0,20049219610.0,857.0,Entertainment
124,elrubiusOMG,40300000.0,7451356511.0,702.0,Gaming
125,Ultra Bollywood,40200000.0,16094340716.0,9416.0,Other
126,La Granja de ZenÃ³n,40100000.0,31423820852.0,750.0,Music
127,AboFlah,40100000.0,5934787857.0,709.0,Gaming
128,HUM TV,39800000.0,33667953289.0,144253.0,Entertainment
129,Jingle Toons,39600000.0,13103649771.0,254.0,Film & Animation
130,Daddy Yankee,39000000.0,24619906597.0,559.0,Music
131,Frost Diamond,38800000.0,9437121568.0,3380.0,Gaming
132,Akshay Nagwadiya,38800000.0,12311444023.0,913.0,Entertainment
133,Alfredo Larin,38600000.0,30801689727.0,1784.0,Entertainment
134,One Direction,38600000.0,14338673594.0,157.0,Music
135,LankyBox,38400000.0,43534488107.0,11729.0,Comedy
136,TheEllenShow,38200000.0,23182995706.0,16966.0,Entertainment
137,Bruno Mars,38100000.0,21239189125.0,100.0,Music
138,Jkk Entertainment,37900000.0,16971975208.0,237.0,Comedy
139,Gulshan Kalra,37300000.0,16601391548.0,672.0,Howto & Style
140,Ryan's World,37200000.0,57785148642.0,2839.0,Entertainment
141,Maroon 5,37000000.0,24103378959.0,183.0,Music
142,BabyBus - Kids Songs and Cartoons,37000000.0,28918031266.0,2455.0,Education
143,Ozuna,36900000.0,24955636109.0,233.0,Music
144,WowKidz,36800000.0,19689537253.0,8103.0,Film & Animation
145,T-Series Apna Punjab,36800000.0,23792882720.0,8574.0,Music
146,Markiplier,36700000.0,21545464886.0,5606.0,Gaming
147,KAROL G,36600000.0,24126232593.0,161.0,Music
148,Enaldinho,36600000.0,15829369055.0,4345.0,Comedy
149,Junya.ãããã,36500000.0,21997287918.0,8343.0,Entertainment
150,Rajshri,36400000.0,16677735237.0,4433.0,Music
151,Heroindori,36300000.0,13114305862.0,663.0,Comedy
152,Zee News,36200000.0,21681244076.0,177410.0,News & Politics
154,CVS 3D Rhymes & Kids Songs,36000000.0,21931716421.0,338.0,Education
155,Galinha Pintadinha,36000000.0,32735174514.0,65.0,Film & Animation
156,LeoNata Family,35700000.0,38040085579.0,3384.0,People & Blogs
158,Zhong,35600000.0,16957652816.0,1748.0,Entertainment
159,GMA  Network,35600000.0,27575746685.0,140512.0,Entertainment
160,Peppa Pig - Official Channel,35600000.0,26092146750.0,6685.0,Film & Animation
161,Lucas and Marcus,35400000.0,14493282917.0,1803.0,Entertainment
162,Priyal Kukreja,35300000.0,21323998732.0,1082.0,People & Blogs
163,Geet MP3,35300000.0,13780792956.0,740.0,Music
164,The Weeknd,35300000.0,27429571118.0,172.0,Music
165,Spider Slack,35200000.0,19738998391.0,1254.0,Comedy
166,â Kids Roma Show,35200000.0,14169803380.0,718.0,People & Blogs
167,Zach King,35100000.0,13829942214.0,651.0,Entertainment
168,Juan De Dios Pantoja,35000000.0,4041329901.0,397.0,Entertainment
169,Ch3Thailand,35000000.0,22908612538.0,79860.0,Entertainment
170,Worldwide Records Bhojpuri,34900000.0,18224915329.0,7221.0,Music
171,DisneyMusicVEVO,34900000.0,32189781207.0,2361.0,Music
172,Anaya Kandhal,34700000.0,29950695612.0,1417.0,Entertainment
173,Selena Gomez,34600000.0,14136172748.0,193.0,Film & Animation
174,SSSniperWolf,34500000.0,25144655975.0,3595.0,Gaming
175,J Balvin,34400000.0,24243577307.0,217.0,Music
176,tuzelity SHUFFLE,34400000.0,14002763381.0,1070.0,People & Blogs
177,Dangal TV Channel,34300000.0,23485818568.0,31944.0,Entertainment
178,Jason Derulo,34100000.0,24799943478.0,3226.0,Music
179,VEGETTA777,34100000.0,15805387668.0,7998.0,Gaming
180,Eros Now Music,34100000.0,17792449874.0,9733.0,Entertainment
181,Beast Reacts,34000000.0,6129393142.0,238.0,People & Blogs
182,Masha y el Oso,34000000.0,16696936818.0,1356.0,Film & Animation
183,Desi Music Factory,33900000.0,10634874175.0,193.0,Music
184,KHANDESHI MOVIES,33800000.0,11734701965.0,235.0,Comedy
185,NoCopyrightSounds,33700000.0,11162345027.0,1695.0,Music
186,mujjuu___14,33600000.0,18819079425.0,1090.0,People & Blogs
187,rezendeevil,33500000.0,13486714710.0,12187.0,Gaming
188,ISSEI / ãã£ãã,33500000.0,28618777941.0,2780.0,Comedy
189,Mr Bean,33400000.0,11244899728.0,3509.0,Shows
190,Round2hell,33400000.0,3431356506.0,68.0,Comedy
191,Marta and Rustam,33400000.0,27943140799.0,1113.0,Comedy
192,unknown boy varun,33000000.0,13356308350.0,712.0,Music
193,Aditya Movies,33000000.0,12755263229.0,7848.0,Other
195,Celine Dept,32900000.0,18182706761.0,808.0,Sports
196,PokÃ©mon Asia Official (Hindi),32800000.0,1705368313.0,319.0,People & Blogs
197,DONA ëë,32800000.0,22357194142.0,174.0,Entertainment
198,Topper Guild,32700000.0,19147848644.0,999.0,Comedy
199,Shemaroo Movies,32700000.0,9005780268.0,3407.0,Entertainment
200,Ian Lucas,32500000.0,3527898780.0,467.0,Entertainment
201,SMTOWN,32500000.0,29632283788.0,4372.0,Music
202,Aditya Music,32300000.0,30083270402.0,23794.0,Music
203,Willie Salim,32200000.0,5293154390.0,951.0,People & Blogs
204,Little Angel: Nursery Rhymes & Kids Songs,32000000.0,24351375493.0,1550.0,Education
205,infobells - Telugu,32000000.0,17368560234.0,607.0,Education
206,That Little Puff,32000000.0,26781949374.0,933.0,Pets & Animals
207,Dream,31900000.0,3121800368.0,116.0,Gaming
208,GENIAL,31900000.0,6986316371.0,8288.0,Howto & Style
210,Talking Tom,31800000.0,16264381808.0,659.0,Comedy
211,infobells - Tamil,31800000.0,19854748045.0,657.0,Education
212,Brent Rivera,31800000.0,8644111300.0,665.0,Comedy
213,Luis Fonsi,31800000.0,15786019512.0,302.0,Entertainment
214,ImagineDragons,31700000.0,18902105503.0,148.0,Music
215,Goldmines Dishoom,31700000.0,9817451950.0,4925.0,Film & Animation
216,The Tonight Show Starring Jimmy Fallon,31700000.0,17681856652.0,10394.0,Comedy
217,Tilak,31600000.0,12687433728.0,10164.0,Film & Animation
219,MaviGadget,31600000.0,28568756058.0,5057.0,Entertainment
220,NichLmao,31500000.0,17182861379.0,1075.0,People & Blogs
221,Karla Bustillos,31400000.0,8109183525.0,1151.0,Entertainment
222,JustinBieberVEVO,31400000.0,27858029583.0,204.0,Music
223,AH,31400000.0,5220787325.0,4037.0,Entertainment
224,Adele,31300000.0,15753138954.0,15.0,Music
225,BeatboxJCOP,31300000.0,14015562174.0,988.0,Film & Animation
226,Spinnin' Records,31200000.0,20818564040.0,12272.0,Music
227,Ishaan Ali 11,31000000.0,18039555919.0,1314.0,People & Blogs
228,Indosiar,31000000.0,6164159865.0,7893.0,Music
229,Goldmines Bollywood,30900000.0,10110894717.0,4778.0,Film & Animation
230,Chotanawab,30700000.0,14107492947.0,2082.0,Entertainment
232,Daniel LaBelle,30700000.0,17221714990.0,338.0,Comedy
233,Ultra Records,30700000.0,17672318149.0,5082.0,Music
234,jacksepticeye,30700000.0,16796628781.0,5201.0,Gaming
235,Tsuriki Show,30600000.0,38148039265.0,4054.0,Entertainment
236,Crazy XYZ,30600000.0,9000651505.0,1362.0,Entertainment
237,Michael Jackson,30500000.0,16028438175.0,17.0,Music
238,Hamster Kombat,30400000.0,520642040.0,140.0,People & Blogs
239,D Billions,30400000.0,39105079931.0,1070.0,Entertainment
240,Azhan5star,30400000.0,12517987119.0,898.0,Entertainment
241,ashish chanchlani vines,30400000.0,4773067244.0,157.0,Comedy
242,Trap Nation,30300000.0,14466762942.0,2886.0,Music
243,Nick Jr.,30200000.0,24124519009.0,5505.0,Film & Animation
244,Shawn Mendes,30200000.0,13709417105.0,133.0,Music
245,Drake,30000000.0,17891064240.0,64.0,Music
246,Maluma,30000000.0,23147809760.0,46.0,Music
247,The Lallantop,30000000.0,12663329356.0,56488.0,News & Politics
248,Kids TV - Nursery Rhymes And Baby Songs,29900000.0,14726273619.0,4095.0,Shows
249,Mr DegrEE,29900000.0,26157490241.0,1700.0,Science & Technology
250,Yoeslan,29700000.0,26602134254.0,1013.0,Entertainment
251,Bounce Patrol - Kids Songs,29600000.0,22710439578.0,378.0,Music
252,JYP Entertainment,29300000.0,22668224792.0,2110.0,Music
253,toycantando,29200000.0,17703924735.0,805.0,Music
254,Ami Rodriguez,29100000.0,4817147822.0,631.0,Entertainment
256,AuronPlay,29100000.0,4135015065.0,402.0,Comedy
257,YOLO,28800000.0,2167482227.0,296.0,Comedy
258,DanTDM,28800000.0,19857172417.0,3712.0,Gaming
259,dednahype,28700000.0,28600894682.0,3143.0,Comedy
260,Sandeep Maheshwari,28500000.0,2440350022.0,636.0,People & Blogs
261,Wiz Khalifa,28500000.0,14271688736.0,747.0,Music
262,Zach Choi ASMR,28500000.0,9598878273.0,1354.0,People & Blogs
263,Renato Garcia YT,28400000.0,8760884728.0,4408.0,Entertainment
264,The Late Late Show with James Corden,28400000.0,10141469113.0,5788.0,Entertainment
265,Ben Azelart,28400000.0,6748180582.0,344.0,Film & Animation
266,Netflix,28400000.0,8555386186.0,7366.0,Entertainment
267,America's Got Talent,28300000.0,4717055894.0,2105.0,Entertainment
268,ABPLIVE,28300000.0,9551967545.0,225286.0,People & Blogs
269,Sujal Thakral,28000000.0,5539047565.0,623.0,Comedy
270,Raffy Tulfo in Action,28000000.0,16367870472.0,11295.0,News & Politics
272,Danny Fitt,27900000.0,13050888943.0,2710.0,People & Blogs
273,Alan Becker,27800000.0,6998486731.0,203.0,Film & Animation
274,WB Kids,27800000.0,12685633887.0,2275.0,People & Blogs
275,Sun TV,27500000.0,29294628805.0,93219.0,People & Blogs
276,Neetu Bisht,27400000.0,19844816729.0,2308.0,Entertainment
277,enchufetv,27400000.0,10712665554.0,2095.0,Comedy
278,ZHC,27400000.0,3291565107.0,319.0,Film & Animation
279,Filmy Suraj Actor,27400000.0,13067493878.0,324.0,Entertainment
280,Pen Movies,27300000.0,8003305159.0,1759.0,Film & Animation
283,ToyPuddingTV,27200000.0,16221164344.0,2415.0,Entertainment
284,BeyoncÃ©,27200000.0,18949611452.0,254.0,Music
285,Sourav Joshi Vlogs,27200000.0,12971729180.0,1728.0,People & Blogs
286,Post Malone,27100000.0,16471351020.0,116.0,Music
287,Dan Rhodes,27000000.0,18844606458.0,1664.0,Entertainment
288,WORLDSTARHIPHOP,26900000.0,21096363345.0,7124.0,Music
289,Nicki Minaj,26900000.0,11255152765.0,72.0,Music
290,Chris Brown,26800000.0,17376032740.0,56.0,Music
291,Anuel AA,26700000.0,17372718538.0,157.0,Music
292,Smosh,26700000.0,10816307076.0,1861.0,Comedy
293,_vector_,26700000.0,18754341110.0,546.0,Comedy
294,Vania Mania Kids,26700000.0,13001562591.0,1243.0,People & Blogs
295,Bobby chourasiya,26700000.0,13681232812.0,541.0,People & Blogs
296,Kidibli (Kinder Spielzeug Kanal),26700000.0,13706788967.0,1196.0,Entertainment
297,Bayashi TV,26700000.0,15698959024.0,1328.0,Entertainment
298,Rafa & Luiz,26600000.0,9523420262.0,3560.0,Entertainment
299,Preston,26600000.0,10024321399.0,4121.0,Gaming
300,David Guetta,26600000.0,19489890616.0,864.0,Music
301,Diana and Roma EN,26500000.0,8766145312.0,599.0,People & Blogs
302,Ultra Movie Parlour,26500000.0,5440757806.0,1984.0,Other
303,Goldmines Movies,26500000.0,6593916365.0,5804.0,Film & Animation
304,Like Nastya AE,26500000.0,13447008478.0,754.0,Entertainment
306,BigSchool,26400000.0,11618418233.0,4093.0,Gaming
307,BB Ki Vines,26400000.0,4975878043.0,192.0,Entertainment
309,LosPolinesios,26400000.0,7973724053.0,1075.0,People & Blogs
310,Coldplay,26400000.0,19257939940.0,432.0,Music
311,1MILLION Dance Studio,26300000.0,8234716740.0,7546.0,Entertainment
312,TRANS7 OFFICIAL,26300000.0,15338465843.0,98199.0,Entertainment
313,News18 India,26300000.0,12651441871.0,262946.0,News & Politics
314,Maya and Mary,26200000.0,7352521099.0,561.0,Entertainment
315,Peppa Pig EspaÃ±ol Latino - Canal Oficial,26200000.0,9236646057.0,1587.0,Film & Animation
316,Rans Entertainment,26100000.0,6824812264.0,4265.0,People & Blogs
318,CaÃ­n GuzmÃ¡n,25900000.0,13375545387.0,3716.0,Entertainment
319,jaanvi patel,25900000.0,11321847695.0,641.0,People & Blogs
320,FaZe Rug,25900000.0,8763746022.0,2318.0,Gaming
321,VanossGaming,25900000.0,16055264513.0,1925.0,Gaming
322,MrBeast en EspaÃ±ol,25800000.0,3015275967.0,67.0,Entertainment
323,LIV Crime,25800000.0,13643916656.0,15514.0,People & Blogs
324,Venus Entertainment,25800000.0,6131479541.0,1975.0,Entertainment
325,The geeta gurjar,25700000.0,20209004676.0,1715.0,Entertainment
326,SMOL,25600000.0,25827891891.0,5446.0,People & Blogs
328,IShowSpeed,25500000.0,2561818971.0,1412.0,Gaming
329,TaylorSwiftVEVO,25500000.0,28427108278.0,307.0,Music
330,Aja Kitchen,25500000.0,15580598651.0,1928.0,Entertainment
331,Las Ratitas,25400000.0,9902377696.0,225.0,People & Blogs
332,toyorbabytv,25400000.0,18655206282.0,1301.0,Music
333,WatchMojo.com,25400000.0,16885536332.0,27245.0,Music
335,Chloe Ting,25300000.0,3200767750.0,444.0,Howto & Style
336,BabyBus - Canciones Infantiles & Videos para NiÃ±os,25100000.0,14729324059.0,1509.0,Education
337,The Royalty Family,25000000.0,8172344200.0,779.0,People & Blogs
338,Filaretiki,25000000.0,25240920263.0,3496.0,People & Blogs
339,Village Cooking Channel,25000000.0,7403419004.0,238.0,Howto & Style
340,Beast Philanthropy,25000000.0,827396980.0,43.0,People & Blogs
341,Chapitosiki,25000000.0,23548219391.0,3864.0,Entertainment
343,RihannaVEVO,24900000.0,20496238024.0,118.0,Music
344,Koray Zeynep,24900000.0,23391201177.0,3344.0,People & Blogs
345,Goldmines Cineplex,24800000.0,3227043137.0,4389.0,Film & Animation
346,BEN EAGLE,24800000.0,12235342141.0,4456.0,Entertainment
348,DUDU e CAROL,24700000.0,12503659420.0,3044.0,Other
349,Wave Music Bhojpuri,24700000.0,14377501297.0,23845.0,Music
350,Yuya,24700000.0,2591921658.0,672.0,Howto & Style
351,Narendra Modi,24700000.0,5750823159.0,27024.0,News & Politics
352,Miss Katy,24700000.0,15677882180.0,1092.0,People & Blogs
353,Sidhu Moose Wala,24600000.0,7567332841.0,116.0,Music
354,Valentina Pontes ofc,24600000.0,8812585217.0,2035.0,Film & Animation
355,TED,24600000.0,2729447739.0,4745.0,People & Blogs
356,ViralHog,24600000.0,30065952167.0,47045.0,People & Blogs
357,Enrique Iglesias,24600000.0,19059785058.0,525.0,Music
358,EminemVEVO,24600000.0,22154244534.0,106.0,Music
359,Soy Suco,24500000.0,4308632345.0,771.0,Gaming
360,Mister Max,24500000.0,16106888088.0,1149.0,People & Blogs
361,KatyPerryVEVO,24500000.0,24659871827.0,167.0,Music
362,Amit Bhadana,24400000.0,2482989907.0,120.0,Entertainment
363,DJ Snake,24400000.0,9019443750.0,297.0,Music
364,Vijay Television,24400000.0,40994198265.0,74743.0,Entertainment
365,ToRung,24300000.0,16228750839.0,291.0,Entertainment
366,Like Nastya PRT,24300000.0,13013330938.0,744.0,Entertainment
367,Eva Bravo Play,24300000.0,11240110202.0,325.0,Entertainment
368,CuRe êµ¬ë,24300000.0,16306136690.0,478.0,Comedy
369,Unbox Therapy,24200000.0,4710680978.0,2323.0,Science & Technology
370,invictor,24200000.0,9505671128.0,2607.0,Gaming
371,Disney LatinoamÃ©rica,24200000.0,22333534707.0,8318.0,Entertainment
372,GMM GRAMMY OFFICIAL,24100000.0,27230686599.0,17260.0,Music
373,KSI,24100000.0,6015064768.0,1252.0,Entertainment
374,Netflix India,24100000.0,9985727346.0,4663.0,People & Blogs
375,Jake Fellman,24100000.0,15364676128.0,441.0,Entertainment
376,Lady Gaga,24100000.0,17265860259.0,179.0,People & Blogs
378,Sony AATH,24000000.0,17768630359.0,21883.0,Shows
379,SOMOY TV,24000000.0,16184453505.0,199596.0,News & Politics
380,Collins Key,24000000.0,6818406552.0,257.0,Entertainment
381,Ishtar Punjabi,24000000.0,11964071073.0,6430.0,Entertainment
382,NickyJamTV,23900000.0,16745620577.0,473.0,Music
383,Troom Troom,23900000.0,10372177837.0,2733.0,Howto & Style
384,Mariano Razo,23900000.0,12235097104.0,812.0,Entertainment
386,Sesame Street,23900000.0,24020511990.0,3735.0,Entertainment
387,Ninja,23800000.0,2676620260.0,2045.0,Gaming
388,SSundee,23800000.0,15277630398.0,3539.0,Gaming
389,James Charles,23800000.0,4391169675.0,586.0,Entertainment
390,deepesh zo,23800000.0,9956982302.0,876.0,People & Blogs
391,Rotana,23700000.0,22632542791.0,8786.0,Music
392,Nick Pro,23700000.0,9325632439.0,730.0,Sports
393,Jelly,23600000.0,15104472254.0,6453.0,Gaming
394,Susy Mouriz,23600000.0,10144047584.0,1678.0,Entertainment
395,Dua Lipa,23600000.0,13316998881.0,274.0,Music
396,Justin Flom,23500000.0,21442239288.0,949.0,Entertainment
397,Logan Paul,23500000.0,6008930890.0,718.0,Entertainment
398,Jordan Matter,23500000.0,8196317397.0,467.0,Entertainment
399,Technical Guruji,23500000.0,3697350550.0,5483.0,Science & Technology
400,GMA Public  Affairs,23500000.0,14851308770.0,47883.0,Entertainment
401,Tlnovelas,23500000.0,17509882815.0,54726.0,News & Politics
402,ì¹ë¹ë Seungbini,23400000.0,17364346727.0,477.0,People & Blogs
403,DrossRotzank,23400000.0,6366470125.0,1702.0,Entertainment
404,Sia,23400000.0,14483395240.0,268.0,Music
405,7clouds,23400000.0,18120903392.0,2719.0,Music
406,Taarak Mehta Ka Ooltah Chashmah,23400000.0,18134385600.0,10095.0,Entertainment
407,FGTeeV,23400000.0,24982042044.0,1830.0,Gaming
409,Pragati Verma Shorts,23300000.0,10067823858.0,1166.0,Comedy
410,Khan GS Research Centre,23200000.0,2347250512.0,379.0,Education
411,Wow Kidz Action,23200000.0,10055990949.0,3946.0,Film & Animation
412,Pink Shirt Girl,23200000.0,11816839161.0,1094.0,Entertainment
413,National Geographic,23200000.0,6036779681.0,10482.0,Science & Technology
414,mmoshaya,23100000.0,18242589183.0,1223.0,People & Blogs
415,Panda Shorts,23100000.0,10650499835.0,973.0,Comedy
416,Younes Zarou,23100000.0,20501868682.0,3268.0,Entertainment
417,RKD Studios,23100000.0,5780953005.0,947.0,Entertainment
418,Infinite,23000000.0,5710791380.0,1674.0,Entertainment
419,BabyBus - Cerita & Lagu Anak-anak,23000000.0,13700148201.0,1187.0,Education
420,Kritika Channel,23000000.0,17625579831.0,4467.0,People & Blogs
421,DeGoBooM,22900000.0,7213757925.0,5482.0,Gaming
422,Happy Monkey,22900000.0,1868.0,1.0,Science & Technology
423,Republic Bharat,22900000.0,12449241821.0,174856.0,News & Politics
424,Deddy Corbuzier,22900000.0,6103096570.0,1632.0,Entertainment
425,Goldmines Great Indian Comedy,22900000.0,6357105413.0,4134.0,Film & Animation
426,Dhruv Rathee,22700000.0,2967172836.0,626.0,Entertainment
427,Paulo Londra,22700000.0,8725587487.0,66.0,Music
428,RubÃ©n Tuesta oficial,22700000.0,14030962964.0,1192.0,Comedy
429,The Chainsmokers,22700000.0,15017385756.0,220.0,Music
430,ANNA KOVA,22700000.0,21337448210.0,3978.0,People & Blogs
431,ILYA BORZOV,22600000.0,14324692797.0,2647.0,People & Blogs
433,Tappu Honey Parmar,22600000.0,9631256580.0,2234.0,Music
434,Ajay Sharma,22600000.0,14253830356.0,1191.0,Entertainment
435,Kurzgesagt â In a Nutshell,22500000.0,2812363891.0,235.0,Education
436,à¤¹à¤¿à¤à¤¦à¥ - Genevieve's Playhouse,22500000.0,12192595150.0,120.0,Education
437,Kiddiestv Hindi - Nursery Rhymes & Kids Songs,22500000.0,8109311775.0,262.0,Education
438,Charlie Puth,22500000.0,10915526749.0,163.0,Music
439,Bispo Bruno Leonardo,22400000.0,5581943618.0,6303.0,Other
440,Triggered Insaan,22300000.0,4079150442.0,345.0,Comedy
441,Tekashi 6ix9ine,22200000.0,6349928074.0,61.0,People & Blogs
442,MiawAug,22200000.0,6889500159.0,4087.0,Gaming
443,Bizarrap,22200000.0,9336429579.0,89.0,Comedy
444,El Payaso Plim Plim,22200000.0,24064866442.0,1637.0,Film & Animation
445,Smile Family,22100000.0,8885016382.0,753.0,People & Blogs
446,LazarBeam,22100000.0,9439248586.0,1341.0,Gaming
447,Lyrical Lemonade,22100000.0,11464369812.0,443.0,Entertainment
448,Dhar Mann Studios,22100000.0,14916049889.0,1312.0,People & Blogs
449,Ninja Kidz TV,22000000.0,12274343037.0,326.0,Entertainment
450,Ravi sagar88,22000000.0,8966118518.0,1941.0,Entertainment
452,Prime Video India,22000000.0,11583328584.0,10346.0,Entertainment
453,Becky G,21900000.0,11653165841.0,90.0,Music
454,GH'S,21900000.0,16700015646.0,866.0,Gaming
455,NBA,21900000.0,14144650140.0,58532.0,Sports
456,Fatos Desconhecidos,21900000.0,4204593832.0,7102.0,Entertainment
457,Vsauce,21900000.0,4229433440.0,538.0,Science & Technology
458,News 24,21900000.0,11552160912.0,298345.0,News & Politics
459,How Ridiculous,21900000.0,12674155050.0,723.0,Sports
460,And TV,21800000.0,19391800165.0,49285.0,Entertainment
462,Romeo Santos,21700000.0,19282604430.0,56.0,Music
463,OneDirectionVEVO,21700000.0,12661120582.0,266.0,Music
464,Yudist Ardhana,21700000.0,8723589739.0,4020.0,Entertainment
465,BigChungus,21500000.0,4163485090.0,698.0,Entertainment
466,Naisa Alifia Yuriza (N.A.Y),21500000.0,508578139.0,180.0,People & Blogs
467,Chuster,21500000.0,3746413989.0,893.0,Entertainment
468,XO TEAM,21500000.0,18270658133.0,5564.0,People & Blogs
469,Linkin Park,21400000.0,15256873326.0,808.0,Music
470,Brave Wilderness,21400000.0,5153860107.0,1014.0,Pets & Animals
471,Baim Paula,21400000.0,4661238336.0,2475.0,People & Blogs
472,Tasty,21400000.0,6148834796.0,5382.0,Howto & Style
473,CookieSwirlC,21300000.0,8477107357.0,1388.0,Entertainment
474,Natan por AÃ­,21300000.0,14713497911.0,1538.0,Sports
475,Mau McMahon,21300000.0,4785684302.0,889.0,Entertainment
476,MSA previously My Story Animated,21300000.0,10029928057.0,915.0,Film & Animation
477,Sidemen,21300000.0,6268064255.0,361.0,Entertainment
478,Noman Official,21300000.0,7302667167.0,835.0,Comedy
479,JosÃ© ComilÃ£o,21200000.0,2186070350.0,296.0,Film & Animation
480,Dr. Vivek Bindra: Motivational Speaker,21200000.0,1948152206.0,1361.0,Education
481,Emiway Bantai,21200000.0,3923245813.0,266.0,Music
482,Masha e o Urso,21100000.0,9560242957.0,1371.0,Shows
483,etvteluguindia,21100000.0,25998616602.0,142162.0,Entertainment
484,Official Pink Panther,21100000.0,11928656283.0,815.0,Film & Animation
486,FIFA,21100000.0,6609332703.0,11353.0,Sports
487,Mnet K-POP,21000000.0,16441159208.0,38123.0,Entertainment
488,Robin Hood Gamer,21000000.0,11052076492.0,4325.0,Entertainment
489,ÐÐÐÐÐ¢,21000000.0,3317450742.0,602.0,People & Blogs
490,Green Gold TV - Official Channel,21000000.0,10140431117.0,1842.0,Film & Animation
491,Avicii,21000000.0,11010943271.0,179.0,Music
492,Salman Noman,20900000.0,12181292102.0,1064.0,Entertainment
493,Aphmau,20900000.0,22572991877.0,4963.0,Gaming
494,DLS News,20900000.0,2767114193.0,5746.0,News & Politics
495,Noor Stars,20900000.0,2952439040.0,712.0,Comedy
496,SCTV,20900000.0,8575734445.0,42876.0,Entertainment
497,Kajal Soni,20900000.0,9102866896.0,1020.0,People & Blogs
499,nigahiga,20900000.0,4397502122.0,403.0,Entertainment
500,Canal Canalha,20800000.0,1915969967.0,302.0,Comedy
501,Got Talent Global,20800000.0,2610310060.0,1445.0,Entertainment
502,SlivkiShow,20800000.0,5018309363.0,487.0,Entertainment
503,Gusttavo Lima Oficial,20800000.0,15959379589.0,596.0,Music
504,SUPER SLICK SLIME SAM,20700000.0,8334025734.0,1198.0,Howto & Style
505,Gordon Ramsay,20700000.0,4153812852.0,1738.0,Entertainment
506,Jake Paul,20700000.0,7604098609.0,1345.0,People & Blogs
507,Like Nastya Vlog,20700000.0,9459410456.0,612.0,People & Blogs
508,boxtoxtv,20700000.0,15587684728.0,1254.0,Comedy
510,Clash of Clans,20600000.0,4576095780.0,884.0,Gaming
511,Vijay Kumar Viner Vlogs,20600000.0,10526953085.0,2082.0,Entertainment
512,Tibo InShape,20600000.0,13729840873.0,3280.0,Sports
514,5-Minute Crafts DIY,20500000.0,5166438808.0,6161.0,Howto & Style
515,Marvel Entertainment,20500000.0,6001983998.0,8971.0,Entertainment
516,Britain's Got Talent,20400000.0,11794143606.0,4675.0,Entertainment
517,TV9 Bharatvarsh,20400000.0,14313103956.0,387195.0,People & Blogs
518,albert_cancook,20400000.0,14849309656.0,715.0,Howto & Style
519,vlogger varun,20300000.0,7547059466.0,598.0,Entertainment
520,Little Angel EspaÃ±ol - Canciones Infantiles,20300000.0,11277883309.0,928.0,Education
521,Troom Troom Es,20300000.0,7694787662.0,3162.0,People & Blogs
522,AS Gaming,20300000.0,3044271737.0,1476.0,Gaming
523,Skrillex,20300000.0,6883399569.0,250.0,Music
524,Pentatonix,20200000.0,6317025113.0,286.0,Music
525,Shemaroo Comedy,20200000.0,6779924598.0,5347.0,Entertainment
526,tabii Urdu,20200000.0,9920402312.0,1951.0,Entertainment
527,Blippi - Educational Videos for Kids,20100000.0,14769835913.0,961.0,Education
528,5-Minute Crafts PLAY,20100000.0,6410717141.0,6491.0,Howto & Style
529,TED-Ed,20100000.0,3974989895.0,2170.0,Education
530,AuthenticGames,20100000.0,8958579368.0,5093.0,Gaming
531,scottsreality,20100000.0,26528489399.0,1834.0,Entertainment
532,Saito,20000000.0,19758225710.0,5620.0,Entertainment
533,Painzeiro,20000000.0,3583571997.0,1246.0,People & Blogs
534,BuzzFeedVideo,20000000.0,18031571234.0,7902.0,People & Blogs
535,REACT,20000000.0,13427669209.0,4952.0,Entertainment
536,Peet Montzingo,20000000.0,14711252270.0,432.0,People & Blogs
537,Vevo,20000000.0,575733392.0,1731.0,Music
538,GOLU008,20000000.0,8730875064.0,1077.0,People & Blogs
539,Pencilmation,20000000.0,11507523021.0,1680.0,Film & Animation
540,Turma da MÃ´nica,20000000.0,13192520898.0,1149.0,Film & Animation
541,SonyMusicSouthVEVO,20000000.0,21078317790.0,6315.0,Music
542,Les' Copaque Production,19900000.0,10518806113.0,2061.0,Film & Animation
544,Jason Vlogs,19900000.0,11553986182.0,938.0,Education
545,Family GamesTV,19900000.0,1471.0,1.0,Entertainment
546,Matheus Kriwat,19800000.0,3194842257.0,842.0,Entertainment
547,Like Nastya VNM,19800000.0,11172299842.0,694.0,Entertainment
548,GRAMMY GOLD OFFICIAL,19800000.0,22214909935.0,7189.0,Music
550,Sonotek,19800000.0,7974033906.0,8373.0,Entertainment
551,Fun For Kids TV - Hindi Rhymes,19800000.0,8809720251.0,195.0,Entertainment
552,La Granja del Borrego,19800000.0,3973363239.0,384.0,Pets & Animals
553,TheOdd1sOut,19800000.0,4966733496.0,155.0,Comedy
554,æå­æ Liziqi,19700000.0,3182281938.0,128.0,Howto & Style
555,Disney Junior,19700000.0,19205460931.0,4781.0,Entertainment
556,KBS WORLD TV,19700000.0,16367896655.0,71084.0,Entertainment
557,Cute.Shivani.05,19700000.0,7144186068.0,990.0,People & Blogs
559,JukiLop,19600000.0,1597937677.0,85.0,People & Blogs
560,HaerteTest,19600000.0,3333531679.0,1577.0,Science & Technology
561,Ricky Limon,19600000.0,6937811451.0,1112.0,Entertainment
562,JennaMarbles,19600000.0,1832781770.0,250.0,Comedy
563,Jimmy Kimmel Live,19500000.0,13736351115.0,6898.0,Entertainment
564,Jesser,19500000.0,5065440602.0,1382.0,Gaming
565,HiMan,19500000.0,3170263248.0,430.0,People & Blogs
566,Supercar Blondie,19500000.0,9238515533.0,1202.0,Other
567,Cardi B,19400000.0,8247220188.0,118.0,People & Blogs
568,Crafty Panda,19400000.0,5816110901.0,876.0,People & Blogs
571,Matt Larose,19400000.0,8208928645.0,193.0,Sports
572,Farruko,19400000.0,10500658624.0,276.0,Music
573,ììTwinsFromRussia,19400000.0,10613306472.0,8394.0,People & Blogs
574,Lucan Pevidor,19300000.0,7939367345.0,1115.0,Entertainment
575,La Rosa de Guadalupe,19300000.0,11632605104.0,10265.0,Entertainment
576,Hasan Tarhan,19300000.0,18367713107.0,6697.0,People & Blogs
577,Lil Nas X,19300000.0,6849860387.0,49.0,Music
578,The Game Theorists,19300000.0,4211642114.0,709.0,Gaming
579,DM - Desi Melodies,19300000.0,6869702889.0,165.0,Music
580,Infobells Bangla,19300000.0,9941584059.0,457.0,Education
581,Calvin Harris,19300000.0,16913409888.0,84.0,Music
582,zbing z.,19200000.0,10387385152.0,3613.0,Gaming
583,Like Nastya IDN,19200000.0,8164540085.0,597.0,Entertainment
585,GuiGe,19200000.0,15787988563.0,3465.0,Entertainment
586,Go Ami Go!,19200000.0,3706379221.0,363.0,People & Blogs
589,Miley Cyrus,19200000.0,9018568412.0,173.0,Entertainment
590,LOL,19100000.0,3443955531.0,936.0,People & Blogs
591,Marques Brownlee,19100000.0,4315699378.0,1662.0,Science & Technology
592,Apple,19100000.0,1202953659.0,187.0,Science & Technology
593,tanboy kun,19000000.0,4201380063.0,868.0,People & Blogs
594,Sony LIV,19000000.0,10104342848.0,21605.0,Entertainment
595,Bollywood Classics,19000000.0,8542071963.0,1822.0,Entertainment
596,Marmok,19000000.0,3709302243.0,403.0,Gaming
597,MissaSinfonia,18900000.0,2553674776.0,238.0,Comedy
598,NMF News,18900000.0,8616388700.0,128648.0,News & Politics
599,Mrwhosetheboss,18900000.0,5553910305.0,1700.0,Science & Technology
600,Ali-A,18900000.0,6529256784.0,4370.0,Gaming
601,shane,18900000.0,4373266907.0,572.0,People & Blogs
602,MoreAliA,18900000.0,6177250501.0,2617.0,Gaming
603,SQUEEZIE,18900000.0,10626740906.0,1660.0,Gaming
604,Linh Nhi Shorts,18900000.0,17758997009.0,3173.0,Gaming
605,CKN,18800000.0,12787907554.0,491.0,Entertainment
606,officialpsy,18800000.0,11311806982.0,131.0,Music
607,HikakinTV,18800000.0,12691206649.0,3529.0,Comedy
608,Colors Rishtey,18800000.0,15375748590.0,28701.0,Entertainment
609,Zuni and Family,18800000.0,7516337347.0,269.0,People & Blogs
611,sagar kalra (Shorts),18700000.0,7362775265.0,534.0,People & Blogs
612,Dan-Sa / Daniel Saboya,18700000.0,445191844.0,2320.0,Music
613,Moosa Tv Info,18700000.0,16647141483.0,1042.0,Entertainment
614,Manual do Mundo,18700000.0,4387768937.0,2757.0,Howto & Style
615,PDK Films,18700000.0,4245447429.0,114.0,Entertainment
616,A2 Motivation by Arvind Arora,18700000.0,11682451197.0,4175.0,Entertainment
617,El Reino a Jugar,18700000.0,12387472080.0,888.0,Education
618,BBC News Hindi,18700000.0,8455535520.0,26182.0,News & Politics
619,Good Mythical Morning,18700000.0,9456648966.0,3697.0,Entertainment
620,Diana Belitskay,18700000.0,15088921706.0,3519.0,People & Blogs
621,GEN HALILINTAR,18700000.0,3692945639.0,1221.0,Entertainment
622,Cheri's World,18600000.0,12064326125.0,1069.0,People & Blogs
623,CoryxKenshin,18600000.0,7840002436.0,1693.0,Gaming
624,SriBalajiMovies,18600000.0,10854027127.0,25702.0,Entertainment
625,KatieAngel,18600000.0,4080982553.0,942.0,People & Blogs
626,Mazhavil Manorama,18600000.0,20385973439.0,110732.0,Entertainment
627,Daily Dose Of Internet,18500000.0,10931763871.0,1050.0,Entertainment
628,Brawl Stars,18400000.0,2574085862.0,226.0,Gaming
629,TheWillyrex,18400000.0,7108550846.0,7193.0,Comedy
630,BROTHERS VLOG,18400000.0,10369553042.0,1438.0,Entertainment
631,Jomy Production,18400000.0,4990016201.0,517.0,Entertainment
632,Katakit Baby TV,18400000.0,7679786454.0,217.0,Music
633,VICE,18400000.0,5095836246.0,4112.0,Entertainment
634,RobleisIUTU,18400000.0,5581097834.0,1630.0,Entertainment
635,Bon Bon Media,18400000.0,10973566016.0,2123.0,Entertainment
636,SebastiÃ¡n Yatra,18400000.0,11517324112.0,248.0,News & Politics
637,Travis Scott,18300000.0,9371918128.0,17.0,Music
638,Liza Baez,18300000.0,5448857649.0,550.0,Entertainment
639,The ACE Family,18300000.0,4579534915.0,712.0,People & Blogs
640,Lyna,18300000.0,7363653164.0,5292.0,Gaming
641,Gato Galactico,18300000.0,2325953325.0,1494.0,Film & Animation
642,The Vishal bhatt,18300000.0,11934875792.0,1387.0,Comedy
643,INCRÃVEL,18300000.0,3334351678.0,8358.0,People & Blogs
644,TheGrefg,18300000.0,6779539205.0,3942.0,Gaming
645,LukeDidThat,18300000.0,6889538359.0,296.0,Entertainment
646,UFC,18300000.0,8119501662.0,17202.0,Sports
647,LEGO,18300000.0,22745356046.0,37647.0,Entertainment
648,shakiraVEVO,18300000.0,27690705645.0,216.0,Music
649,Pop Chartbusters,18200000.0,9565429881.0,2323.0,Music
651,ZutiGang,18200000.0,18359528513.0,1460.0,People & Blogs
652,Jamuna TV,18200000.0,15801640870.0,137496.0,News & Politics
653,IGN,18200000.0,17704069945.0,163316.0,Gaming
654,Dear Sir,18100000.0,1697366409.0,834.0,Education
655,Porta dos Fundos,18100000.0,8195834597.0,2544.0,Entertainment
656,T-Series Hamaar Bhojpuri,18100000.0,8979979711.0,10423.0,Entertainment
659,Demi Lovato,18000000.0,7247636576.0,327.0,Music
660,Luis MÃ©ndez,18000000.0,5528024321.0,1577.0,Comedy
661,Lele Pons,18000000.0,5479477642.0,185.0,Comedy
662,THAIRATH TV Originals,18000000.0,16859399344.0,283130.0,News & Politics
665,TheBrianMaps,17900000.0,4784192178.0,517.0,Comedy
666,Aayu and Pihu Show,17900000.0,10574639589.0,547.0,Comedy
667,Lahari Music - TSeries,17900000.0,13053956189.0,9172.0,Music
668,Juliana Baltar,17900000.0,4392231703.0,2426.0,Entertainment
669,iam_nandinirajput,17900000.0,6606559291.0,1699.0,Entertainment
670,TRANS TV Official,17800000.0,10221457608.0,159758.0,Entertainment
671,GMMTV OFFICIALââ,17800000.0,14962406706.0,28004.0,Entertainment
672,Jose Comelon - EspaÃ±ol,17800000.0,6898179225.0,402.0,Film & Animation
673,Adam W,17800000.0,14069047637.0,828.0,Comedy
676,MGC Playhouse,17800000.0,16510389546.0,1577.0,Shows
677,Queen Official,17700000.0,11397708642.0,1195.0,Music
678,POPS Kids,17700000.0,11820591902.0,3488.0,Music
679,Anitta,17700000.0,8156291718.0,197.0,Music
680,Lil Pump,17700000.0,4257839532.0,61.0,Music
681,FactTechz,17600000.0,2368778704.0,850.0,Entertainment
682,Dr Ryan,17600000.0,9621679583.0,1515.0,Education
684,Amara Que Linda,17600000.0,1705688445.0,519.0,People & Blogs
685,HowToBasic,17600000.0,3834407160.0,612.0,Howto & Style
686,ArianaGrandeVevo,17600000.0,21597274422.0,209.0,Music
687,Arif muhammad,17600000.0,5129503222.0,657.0,People & Blogs
688,Ch7HD,17600000.0,10411760046.0,72480.0,Entertainment
689,The MriDul,17500000.0,5383370318.0,189.0,Comedy
690,StudyIQ IAS,17500000.0,5511614865.0,52043.0,Education
691,David Dobrik,17500000.0,7241688538.0,536.0,People & Blogs
692,Sanjoy Das Official,17500000.0,5858657656.0,2016.0,Entertainment
693,Nick DiGiovanni,17500000.0,9499008421.0,841.0,People & Blogs
694,Unspeakable,17500000.0,10466681691.0,909.0,Gaming
695,With Kids[ìëí¤ì¦],17500000.0,9231272061.0,989.0,Entertainment
696,Amaury Guichon,17500000.0,6044468536.0,331.0,Entertainment
699,JFlaMusic,17400000.0,3901298435.0,363.0,Music
700,THE BROWN SIBLINGS,17400000.0,10256696160.0,1417.0,Entertainment
701,SEVENGERS,17400000.0,13997044137.0,1181.0,Comedy
702,RCTI - LAYAR DRAMA INDONESIA,17400000.0,15578124309.0,85345.0,Entertainment
703,KOMPASTV,17400000.0,13902413939.0,315372.0,News & Politics
704,Ian Boggs,17400000.0,11863398256.0,1618.0,Entertainment
705,Ray William Johnson,17400000.0,13341501681.0,2392.0,Entertainment
706,FC Barcelona,17300000.0,3438898184.0,12058.0,Sports
707,Dental Digest,17300000.0,9705664325.0,413.0,People & Blogs
708,Netflix Jr.,17300000.0,10630273308.0,2446.0,Education
709,Zee Music Classic,17300000.0,6455448050.0,1834.0,Music
710,TWICE,17300000.0,6340582364.0,1618.0,Music
711,Sony Music South,17300000.0,12556471079.0,3525.0,Music
712,Prajapati News,17200000.0,1061376612.0,1735.0,Comedy
713,Emilly Vick,17200000.0,6763302729.0,628.0,Science & Technology
714,Gaby and Alex,17200000.0,8718014078.0,367.0,Entertainment
716,T3ddy,17200000.0,3368657991.0,2221.0,Comedy
717,CRAZY GREAPA,17200000.0,14035948935.0,1114.0,Entertainment
718,SRK MUSIC,17200000.0,2236677664.0,1059.0,Music
719,Stubborn Facts,17100000.0,904874376.0,308.0,Film & Animation
720,PopularMMOs,17100000.0,14667319235.0,4688.0,Gaming
721,Sierra & Rhia FAM,17100000.0,17560153649.0,3299.0,Entertainment
722,Technoblade,17100000.0,1776847201.0,992.0,Gaming
723,Willyrex,17100000.0,5162319626.0,8145.0,Gaming
725,FunFun Toy Doll TV,17100000.0,7673151545.0,758.0,Entertainment
726,NDTV India,17100000.0,7779502624.0,122195.0,News & Politics
727,Blippi EspaÃ±ol,17000000.0,10021531808.0,716.0,People & Blogs
728,Red Bull,17000000.0,8931120164.0,6238.0,Sports
729,MK MUSIC,17000000.0,10805056330.0,6089.0,Music
730,FailArmy,17000000.0,3938428816.0,571.0,Comedy
731,Kaykai Salaider,17000000.0,4592559740.0,434.0,Comedy
732,MARIANA,16900000.0,2466613571.0,507.0,People & Blogs
733,Jennifer Lopez,16800000.0,10904993615.0,393.0,Music
734,DeToxoMoroxo,16800000.0,2353961852.0,584.0,Entertainment
735,PowerfulJRE,16800000.0,5268844693.0,2649.0,People & Blogs
736,Kashvi Adlakha,16800000.0,13664249589.0,1876.0,Entertainment
738,LuisFonsiVEVO,16800000.0,15094884249.0,109.0,Music
740,Zee Bangla,16800000.0,10978341740.0,141936.0,Entertainment
741,E-MasterSensei,16800000.0,4508966348.0,1391.0,Gaming
742,Pitbull,16800000.0,13468787907.0,506.0,Music
743,SportsNation,16800000.0,21391168108.0,5095.0,Sports
744,Kim Loaiza,16800000.0,2072890604.0,32.0,Music
745,Liza Koshy,16800000.0,2174304064.0,144.0,Comedy
747,Adaah Queen,16800000.0,6369296407.0,605.0,Entertainment
748,Guava Juice,16800000.0,8835944356.0,1926.0,Gaming
749,RS 1313 SHORTS,16800000.0,9669490212.0,6638.0,Entertainment
750,Tu COSMOPOLIS,16700000.0,5138254394.0,10742.0,People & Blogs
751,ABC News,16700000.0,14852774653.0,90577.0,News & Politics
752,Enterr10 Rangeela,16700000.0,8348109105.0,6569.0,Entertainment
753,IDEAS EN 5 MINUTOS,16700000.0,3849893074.0,6232.0,Howto & Style
754,Think Music India,16700000.0,14378627936.0,5975.0,Music
755,Kuplinov âº Play,16700000.0,7765978051.0,6850.0,Gaming
756,Diosdado Juarez,16700000.0,7856872483.0,1516.0,Gaming
757,Luli PampÃ­n,16700000.0,12174762252.0,359.0,Music
758,Volga Video,16600000.0,8970953252.0,6196.0,Film & Animation
759,Doggy Doggy Cartoons,16600000.0,6531662405.0,4787.0,Entertainment
760,Kids Play,16600000.0,8581199494.0,642.0,Entertainment
761,AdMe,16600000.0,4837501955.0,8014.0,Entertainment
762,Uman sayyed shorts,16600000.0,5324758931.0,4683.0,People & Blogs
763,Fact Brain 96,16600000.0,1600148973.0,798.0,People & Blogs
764,Camila Cabello,16600000.0,7083060208.0,142.0,Music
765,Werever2morro,16600000.0,2816296378.0,973.0,Entertainment
766,EeOneGuy,16600000.0,3798291499.0,367.0,Entertainment
767,Stray Kids,16600000.0,5132132095.0,1094.0,People & Blogs
768,Boyce Avenue,16600000.0,6849187521.0,565.0,Music
769,SAM SMITH,16600000.0,11152738475.0,297.0,Music
770,Anninha,16500000.0,3276380676.0,1309.0,People & Blogs
771,Bobon Santoso,16500000.0,2142330425.0,733.0,People & Blogs
772,Jazzghost,16500000.0,7168446308.0,5809.0,Gaming
773,FitDance,16500000.0,7511079996.0,6094.0,Music
774,benja calero,16500000.0,5444054064.0,1586.0,People & Blogs
775,JT Casey,16500000.0,2954742408.0,2213.0,Entertainment
776,Czn Burak,16500000.0,7004341950.0,599.0,People & Blogs
777,Antrax,16500000.0,3170524091.0,739.0,Gaming
778,Sandra Cires Art,16500000.0,4103951048.0,1131.0,Howto & Style
779,JULIA GISELLA,16500000.0,6732252582.0,760.0,Entertainment
781,CNN,16500000.0,16013047845.0,165438.0,News & Politics
782,Mis Pastelitos,16500000.0,3560018399.0,719.0,Howto & Style
783,tiyaa_ningwal_official,16400000.0,5124200172.0,697.0,Entertainment
784,Matt Stonie,16400000.0,3669531600.0,445.0,Entertainment
785,XpressTV,16400000.0,4708348143.0,803.0,Entertainment
786,Camilo,16400000.0,7603419032.0,212.0,Music
787,Behindwoods TV,16400000.0,19008947354.0,81142.0,Entertainment
788,Gyan Gamingã¤,16400000.0,2602266088.0,3787.0,Gaming
789,BanderitaX,16400000.0,5000177146.0,1812.0,Gaming
790,Team Films Bhojpuri,16400000.0,6847925905.0,20072.0,Music
791,Little Mix,16400000.0,7917055024.0,278.0,Music
792,W2S,16300000.0,4824922438.0,653.0,Gaming
793,MNCTV OFFICIAL,16300000.0,8751528055.0,76301.0,Entertainment
794,EdisonPts,16300000.0,7673421247.0,3985.0,Gaming
795,Dyland PROS,16300000.0,1611704906.0,3525.0,Entertainment
796,JJ Olatunji,16300000.0,4287356597.0,1360.0,Gaming
797,RupalChoudhary TD,16300000.0,4897758487.0,1446.0,People & Blogs
798,Noel Robinson,16300000.0,9208658139.0,1591.0,Entertainment
799,Ryan Trahan,16200000.0,3382302716.0,385.0,Entertainment
800,pets swag,16200000.0,2326955178.0,884.0,Pets & Animals
801,ExtraPolinesios,16200000.0,4926624566.0,517.0,People & Blogs
803,Indore Physical Academy,16200000.0,4885046407.0,2494.0,People & Blogs
804,ABS-CBN News,16200000.0,11402890733.0,231137.0,News & Politics
805,BBC News,16200000.0,5370579575.0,22038.0,News & Politics
806,Tonni art and craft,16200000.0,7246608503.0,1496.0,Howto & Style
807,Enes Batur,16200000.0,9998054953.0,1986.0,Gaming
808,Canal IN,16200000.0,2771167768.0,722.0,People & Blogs
812,Mobile Legends: Bang Bang,16100000.0,1836798878.0,3017.0,Gaming
813,Su Hao,16100000.0,16566762046.0,2799.0,People & Blogs
814,50 Cent,16000000.0,11468856478.0,423.0,Music
815,Little Angel - MÃºsicas Infantis em PortuguÃªs,16000000.0,9981851261.0,934.0,Entertainment
816,Harsh Beniwal,16000000.0,1949024850.0,169.0,Comedy
817,Merrick Hanna,16000000.0,11439159216.0,1220.0,Entertainment
818,WinnerMax,16000000.0,4003703794.0,1526.0,Gaming
819,Alexa Rivera,16000000.0,4201997849.0,340.0,Howto & Style
820,The Dodo,16000000.0,12243367880.0,9339.0,Pets & Animals
821,Genierock,16000000.0,15469466334.0,1950.0,Music
822,Rebecca Zamolo,16000000.0,7507867830.0,1012.0,Comedy
823,5-Minute Crafts FAMILY,16000000.0,6490478474.0,4952.0,People & Blogs
824,infobells - Kannada,16000000.0,7657239496.0,535.0,Education
825,Henrique e Juliano,16000000.0,16831618019.0,350.0,Music
827,Ju AraÃºjo,15900000.0,4823151457.0,12090.0,Entertainment
828,Crescendo com Luluca,15900000.0,5909955476.0,1537.0,Entertainment
830,Geo News,15900000.0,7443024621.0,235067.0,News & Politics
831,à¸à¹à¸­à¸8 : Thai Ch8,15900000.0,5355627240.0,32461.0,Entertainment
832,Hongyu ASMR íì,15900000.0,5692757484.0,775.0,People & Blogs
833,DopeLyrics,15800000.0,10047851861.0,2045.0,Music
834,jeffreestar,15800000.0,2594742131.0,433.0,Howto & Style
835,LOKESH GAMER,15800000.0,1761376415.0,1651.0,Gaming
836,Talking Tom & Friends TV,15800000.0,6711462468.0,597.0,Entertainment
837,Rotten Tomatoes Trailers,15800000.0,13413943162.0,11257.0,Film & Animation
838,Veritasium,15800000.0,2704790499.0,402.0,Education
839,wifistudy by Unacademy,15800000.0,3109720289.0,55832.0,Education
840,Rakib Hossain,15800000.0,5763624982.0,566.0,People & Blogs
841,Lana Del Rey,15800000.0,8330913903.0,45.0,Music
842,Dave and Ava - Nursery Rhymes and Baby Songs,15700000.0,11460546026.0,999.0,Education
843,NANDO,15700000.0,2069759738.0,397.0,People & Blogs
844,H&T Official,15700000.0,7398578605.0,830.0,Entertainment
845,PrestonPlayz,15700000.0,6547298687.0,1029.0,Gaming
846,zayn,15700000.0,5252324745.0,61.0,Music
847,Caylus,15700000.0,6329913843.0,1678.0,Education
848,Kerajinan 5-Menit,15700000.0,4983075247.0,4913.0,People & Blogs
849,FFUNTV,15700000.0,11836229537.0,383.0,Gaming
850,LittleGlove,15700000.0,15362215882.0,2066.0,People & Blogs
851,Linus Tech Tips,15700000.0,7867485655.0,6908.0,Science & Technology
852,Niana Guerrero,15700000.0,1596485786.0,479.0,Entertainment
853,CrashCourse,15700000.0,1984154104.0,1549.0,Education
854,Daftar Populer,15700000.0,2321693855.0,4620.0,Education
855,Prashant Sharma Entertainment,15700000.0,3320467231.0,771.0,People & Blogs
856,melanie martinez,15700000.0,4934374088.0,132.0,Music
857,Super Senya,15700000.0,5192985536.0,482.0,Entertainment
858,Crazy Frog,15700000.0,9185890228.0,49.0,Music
859,NITIN FREE FIRE,15600000.0,2560985874.0,867.0,Gaming
861,Karen Bustillos,15600000.0,2052997005.0,537.0,Entertainment
862,Zee Telugu,15600000.0,12354908625.0,157534.0,Entertainment
863,Woody & Kleiny,15600000.0,14516343941.0,1150.0,Comedy
865,Albertisment,15600000.0,2485304768.0,770.0,Entertainment
866,Sumon Stunts,15600000.0,4216311158.0,723.0,Entertainment
867,Alextis,15600000.0,2177444753.0,548.0,Entertainment
868,PlayStation,15600000.0,5234640692.0,22563.0,Gaming
870,The McFive Circus,15600000.0,11226275398.0,3459.0,People & Blogs
871,Apu Alone,15600000.0,17982539245.0,4748.0,Comedy
872,Free Fire India Official,15500000.0,2484422804.0,1802.0,People & Blogs
873,Caeli YT,15500000.0,1451403457.0,492.0,Entertainment
874,ZEE5,15500000.0,20170933776.0,127757.0,Entertainment
875,XDSchool,15500000.0,5561918161.0,2447.0,Gaming
876,Bihari Ladka,15500000.0,9444758076.0,762.0,Gaming
877,NH Studioz,15500000.0,4749181784.0,3596.0,Film & Animation
878,El TÃ­o NÃ©stor,15500000.0,5340454273.0,1221.0,Sports
879,ARGEN,15500000.0,8324491670.0,3748.0,Entertainment
880,O Reino Infantil,15500000.0,10605321558.0,1161.0,Music
881,ZÃ© Neto e Cristiano,15500000.0,13195463325.0,451.0,Music
882,League of Legends,15400000.0,7955043986.0,1458.0,Gaming
883,It's Mamix,15400000.0,1760002298.0,191.0,People & Blogs
884,FAMILY BOOMS,15400000.0,15163123012.0,1430.0,Entertainment
885,Makiman131,15400000.0,4346904988.0,3165.0,Gaming
886,SuperHero Kids,15400000.0,5516095191.0,475.0,People & Blogs
887,Aadishakti Films,15400000.0,6706617212.0,4900.0,Music
888,Desi Gamers,15400000.0,2454377172.0,1418.0,Gaming
889,Cosmo TV,15400000.0,282050381.0,72.0,People & Blogs
890,NOBRU,15400000.0,526473784.0,845.0,Gaming
891,PANDA,15400000.0,2003527941.0,256.0,Comedy
893,Telemundo,15400000.0,9284257516.0,20123.0,Entertainment
894,Come Play With Me,15400000.0,18104007661.0,463.0,Entertainment
895,Camila Loures,15400000.0,5287926480.0,4551.0,Music
896,RobTopGames,15300000.0,460899251.0,57.0,Gaming
897,Acenix,15300000.0,2647032276.0,459.0,Gaming
898,karameeshchannel,15300000.0,10659001365.0,2388.0,Entertainment
899,Elvish yadav,15300000.0,1453922338.0,189.0,Comedy
900,Zig & Sharko,15300000.0,9616830421.0,1192.0,Film & Animation
902,Jagdish Comedian,15300000.0,2184299479.0,424.0,Comedy
905,Jooj Natu,15300000.0,9917032586.0,1365.0,Entertainment
906,Yarook_Malik22,15300000.0,3875766063.0,753.0,People & Blogs
907,Coke Studio Pakistan,15300000.0,4684067741.0,704.0,Music
908,Roman Atwood Vlogs,15300000.0,5557871908.0,1940.0,People & Blogs
909,GMM25Thailand,15300000.0,8982388803.0,77970.0,Entertainment
910,penguinz0,15300000.0,9758497751.0,5422.0,Gaming
911,Airrack,15200000.0,2985311294.0,224.0,Entertainment
912,Musas,15200000.0,2459904146.0,651.0,Howto & Style
913,Ranz Kyle,15200000.0,1823680424.0,564.0,People & Blogs
915,Mariale,15200000.0,2964850095.0,3632.0,Howto & Style
916,RaptorGamer,15200000.0,3168184309.0,1813.0,People & Blogs
917,Kwebbelkop,15200000.0,7028338206.0,5184.0,Gaming
918,MattyBRaps,15200000.0,4035276681.0,201.0,Music
919,T-Series Regional,15200000.0,5670772111.0,15116.0,Entertainment
920,TazerCraft,15200000.0,6185658370.0,4179.0,Gaming
921,Little Treehouse Nursery Rhymes and Kids Songs,15200000.0,7181805347.0,1823.0,Education
922,Oyuncak AvÄ±,15200000.0,4253526227.0,241.0,Entertainment
923,Doc Tops,15100000.0,2224371937.0,413.0,Entertainment
924,gogo 2728,15100000.0,6566622156.0,777.0,People & Blogs
925,BIGBANG,15100000.0,8360905291.0,776.0,Music
926,Jorge & Mateus Oficial,15100000.0,10091786780.0,347.0,Music
927,Goldmines Premiere,15100000.0,1860888715.0,1436.0,Entertainment
928,Lachlan,15100000.0,5560420588.0,3914.0,Gaming
929,Auron,15100000.0,3934648134.0,1173.0,People & Blogs
930,The Slow Mo Guys,15100000.0,2624676269.0,345.0,Entertainment
931,Meghan Trainor,15100000.0,9204751237.0,379.0,People & Blogs
932,Zee Tamil,15100000.0,12387885402.0,129687.0,Entertainment
933,Fueled By Ramen,15000000.0,14057367817.0,1223.0,Music
935,Like Nastya Stories,15000000.0,7283965999.0,575.0,Entertainment
936,Mythpat,15000000.0,3472606727.0,396.0,Entertainment
937,Kids TV India Hindi Nursery Rhymes,15000000.0,7312406587.0,1918.0,Shows
938,Times Music,15000000.0,5388173339.0,2626.0,Music
939,5-Minute Crafts Recycle,15000000.0,9203440070.0,5020.0,People & Blogs
940,iTownGamePlay *Terror&DiversiÃ³n*,15000000.0,5099919566.0,8998.0,Entertainment
941,MC Divertida,15000000.0,6399298755.0,529.0,Entertainment
942,Luke Davidson,15000000.0,12390033405.0,1273.0,Entertainment
943,MoniLina,15000000.0,17627488229.0,872.0,Comedy
944,DRJ Records Specials,15000000.0,3604571188.0,4759.0,People & Blogs
945,O Que NÃ£o Dizer Oficial,14900000.0,2468702543.0,897.0,Comedy
946,TheRichest,14900000.0,2739256069.0,2379.0,Education
947,GMA Integrated News,14900000.0,11175380808.0,334660.0,News & Politics
948,Ethan Funny Family,14900000.0,8515641693.0,806.0,Entertainment
949,YANA CHIRKINA,14900000.0,10820495148.0,2255.0,Sports
950,ERB,14900000.0,4145883475.0,88.0,Entertainment
951,janin al chair,14900000.0,8704497610.0,853.0,Comedy
952,Kendrick Lamar,14900000.0,7045416792.0,25.0,People & Blogs
953,ÐÐ¢Ð,14900000.0,439098.0,1.0,People & Blogs
954,Canal Nostalgia,14900000.0,1557176806.0,445.0,Entertainment
955,Major Lazer Official,14900000.0,9775511306.0,464.0,Music
956,Family Fitness,14900000.0,11764104085.0,2193.0,Entertainment
957,AdeleVEVO,14900000.0,13313308057.0,52.0,Music
958,Harsha Sai - For You Hindi,14800000.0,2977524461.0,113.0,Entertainment
959,Wish 107.5,14800000.0,6679413667.0,2062.0,Music
960,Sonyakisa8 TT,14800000.0,10063367069.0,259.0,Pets & Animals
961,Gustavo ParÃ³dias,14800000.0,3669715893.0,2471.0,Comedy
962,Chad Wild Clay,14800000.0,7030797987.0,749.0,Comedy
963,TommyInnit,14800000.0,2400898397.0,469.0,Gaming
964,Ornella Zocco,14800000.0,11659619117.0,7326.0,People & Blogs
965,Hacksmith Industries,14800000.0,2499267243.0,1111.0,Science & Technology
967,Martin Garrix,14800000.0,6409242577.0,402.0,Music
968,Harry Styles,14800000.0,6536585799.0,17.0,People & Blogs
969,Dropout,14800000.0,7051046276.0,4572.0,Comedy
970,Hear This Music,14800000.0,9809494334.0,46.0,Music
971,ETV Jabardasth,14800000.0,14713192638.0,11776.0,People & Blogs
972,Codiscos,14700000.0,14216862647.0,7621.0,Music
973,Neha Kakkar,14700000.0,2316453260.0,173.0,Music
975,Maha Fun Tv,14700000.0,1368955100.0,88.0,Entertainment
976,DangMattSmith,14700000.0,3465276361.0,2105.0,Entertainment
977,Fifth Harmony,14700000.0,8285403186.0,67.0,Music
979,Jack Doherty,14700000.0,5695883959.0,1861.0,Sports
980,shadab5star,14700000.0,4854023662.0,1001.0,Entertainment
981,Blockbuster Movies,14700000.0,3182691778.0,1301.0,Entertainment
983,Tonde Gamer,14700000.0,3843594954.0,2743.0,Gaming
984,Tayo Bus Kecil - Tayo Bahasa Indonesia,14700000.0,7306056656.0,1261.0,Film & Animation
985,Planeta das GÃªmeas,14700000.0,3762423062.0,698.0,People & Blogs
986,Atlantic Records,14700000.0,13636502200.0,1941.0,Music
987,English Connection,14700000.0,2778432619.0,1558.0,Education
988,Narins Beauty,14700000.0,2372424320.0,450.0,Howto & Style
989,Kaleb Andri,14700000.0,3378301008.0,1824.0,Entertainment
990,Gallina Pintadita,14700000.0,10544972181.0,64.0,Music
992,Vogue,14600000.0,4832392210.0,3630.0,Entertainment
994,Monsta,14600000.0,5014985322.0,1481.0,Film & Animation
995,Ali Anas Khan,14600000.0,3067161644.0,787.0,Entertainment
996,Peppa Pig em PortuguÃªs Brasil - Canal Oficial,14600000.0,5062618236.0,1666.0,Film & Animation
997,Reaction Time,14600000.0,4473584772.0,1741.0,Entertainment
998,Typical Gamer,14600000.0,4877329797.0,5086.0,Gaming
999,TV Ana Emilia,14600000.0,4978034930.0,791.0,People & Blogs
