rank,Name,Username,Followers,Country,Topic of Influence
1,Khabane lame,@khaby.lame,161.9M,Italy,Funny
2,Bella Poarch,@bellapoarch,92.6M,United States,Entertainment and Music
3,Addison Rae,@addisonre,88.5M,United States,Beauty and Self Care
4,MrBeast,@mrbeast,85.4M,,Entertainment and Music
5,Zach King,@zachking,78.1M,United States,Entertainment and Music
6,Kimberly Loaiza,@kimberly.loaiza,76.1M,Mexico,
7,Will Smith,@willsmith,74.8M,United States,
8,The Rock,@therock,74.4M,United States,Entertainment and Music
9,cznburak,@cznburak,72M,,
10,BILLIE EILISH,@billieeilish,65.3M,,
11,Jason Derulo,@jasonderulo,59.5M,United States,Entertainment and Music
12,Kylie Jenner,@kyliejenner,56.1M,United States,Beauty and Self Care
13,Karol G,@karolg,53.5M,Colombia,Entertainment and Music
14,Michael Le,@justmaiko,51.4M,Vietnam,
15,BTS,@bts_official_bighit,51M,,Entertainment and Music
16,JoJo Siwa,@itsjojosiwa,45.8M,United States,Entertainment and Music
17,ESPN,@espn,44M,,Entertainment and Music
18,Junya/じゅんや,@junya1gou,42.8M,,
19,ХОМЯК,@homm9k,42.1M,,Fashion and Accessories
20,XO Team,@xoteam,41.2M,,Entertainment and Music
21,ROD🫠,@elrodcontreras,41.1M,,Entertainment and Music
22,Joe,@joealbanese,40.8M,,family
23,Gordon Ramsay,@gordonramsayofficial,40.5M,United Kingdom,Food
24,Carlos Feria,@carlosferiag,39.2M,,
25,ondy mikula,@ondymikula,38.8M,,
26,Shakira,@shakira,38.7M,,Entertainment and Music
27,Scott 🔥,@scottsreality,38.4M,,Entertainment and Music
28,Barstool Sports,@barstoolsports,37.9M,United States,Entertainment and Music
29,James Charles,@jamescharles,36.2M,United States,Beauty and Self Care
30,kyle thomas 🌿,@kylethomas,35.4M,,
31,arianagrande,@arianagrande,35.3M,,Entertainment and Music
32,Q Park,@qpark,35.2M,,
33,GIL CROES,@gilmhercroes,35.1M,,Entertainment and Music
34,Kirya Kolesnikov,@thekiryalife,34.7M,,Entertainment and Music
35,Kevin Hart,@imkevinhart,34.7M,United States,Entertainment and Music
36,Pongámoslo a Prueba,@pongamoslo_a_prueba,34.2M,,
37,ThatLittlePuff,@thatlittlepuff,33.5M,,Pets
38,Montpantoja,@montpantoja,33.3M,,
39,Brooke Monk,@brookemonk_,33.2M,United States,Entertainment and Music
40,Devon Rodriguez,@devonrodriguezart,32.1M,United States,Arts and Crafts
41,Indi skovar,@indiskovar3.0,31.6M,,
42,Lele Pons,@lelepons,31.5M,United States,
43,Bad Bunny,@badbunny,31.4M,Puerto Rico,
44,Stokes Twins,@stokestwins,31.2M,United States,Entertainment and Music
45,BORREGO,@lagranjadelborrego,31.2M,,
46,Kira Kosarin,@kirakosarin,31.1M,,
47,La Rosalia,@rosalia,30.9M,Spain,
48,Alejandro Nieto,@soybans,30.4M,Colombia,
49,Michel Chavez,@its.michhh,30.2M,Mexico,
50,Liza Koshy,@lizzza,30.2M,United States,
51,beca,@beca,29.2M,Brazil,Travel
52,Topper Guild,@topperguild,29M,United States,Entertainment and Music
53,Ignacia Antonia👑,@ignaciaa_antonia,28.2M,Chile,Beauty and Self Care
54,Camilo,@camilo,28M,,
55,Daniel Ibarra,@juandaniel.ibarra,27.6M,,
56,Lexi Rivera,@lexibrookerivera,27.4M,,
57,시아지우 sia_jiwoo,@sia_jiwoo,27.4M,South Korea,
58,KEEMOKAZI,@keemokazi,27M,,
59,psg,@psg,26.7M,,Sports
60,Bader Al Safar,@baderalsafar,26.4M,Kuwait,Fashion and Accessories
61,JeisonGiraldo,@jeison_giraldo,26.3M,,Romance and Wedding
62,JeanCarlo Leon,@jashlem,26.3M,,
63,Jimena,@jimena.jimenezr,26.1M,,Funny
64,Doja Cat,@dojacat,26M,United States,Entertainment and Music
65,DAVID DOBRIK,@daviddobrik,26M,United States,Entertainment and Music
66,LARRAY,@larrayeeee,25.9M,,
67,Era Ays,@era_ays,25.9M,,
68,Karla Bustillos ❤️,@karla.bustillos,25.7M,,
69,Arnaldo Mangini,@arnaldomangini,25.4M,,Beauty and Self Care
70,Jaykindafunny,@jaykindafunny8,25.4M,,Funny
71,Malu Trevejo,@malutrevejo,25.2M,,
72,AriGameplays,@arigameplays,25.1M,,Games
73,Dina,@dina,24.9M,,
74,DonaldDucc 🦆,@donaldducc,24.7M,,Animals
75,adrilatinatv,@adrilatinatv,24.5M,,
76,Victor Melo,@victormelo,24.5M,,
77,The Mannii Show,@the_mannii,24.1M,,
78,Chingu Amiga,@chinguamiga,24.1M,,Food
79,Terry Crews,@terrycrews,24.1M,United States,Entertainment and Music
80,Nicolle Figueroa,@nicollefigueroaa,23.9M,,
81,Jacob Sartorius,@jacobsartorius,23.7M,United States,Entertainment and Music
82,Luara,@luara,23.6M,,
83,Ryan Reynolds,@vancityreynolds,23.3M,Canada,
84,Lauren Godwin,@laurengodwin,22.6M,United States,Entertainment and Music
85,mingweirocks,@mingweirocks,22.5M,,
86,Cardi B,@iamcardib,22.4M,,
87,Latiktokeuse869,@latiktokeuse869,22.2M,,Funny
88,Mackenzie Ziegler,@mackenzieziegler,22.1M,,
89,Lance Stewart,@lance210,22.1M,United States,Entertainment and Music
90,Anitta,@anitta,22.1M,,
91,Marrkadams,@marrkadams,22.1M,,
92,ROMINA,@rominagafur,22M,United States,Entertainment and Music
93,창하CHANGHA,@chang._.a,22M,,
94,josi,@jmartineze_,21.9M,,Funny
95,Caín Guzmán,@cainguzman,21.9M,,
96,Bryce Hall,@brycehall,21.5M,United States,Entertainment and Music
97,온오빠 On Oppa,@korea.on,21.5M,,
98,Seany,@seandoesmagic,21.3M,,
99,Pk,@pkllipe,21.3M,,
100,The Hype House,@thehypehouse,21.1M,,Entertainment and Music
101,Olivia Rodrigo,@livbedumb,21.1M,United States,Entertainment and Music
102,NICOLE AMADO 🐉,@amadorat,21M,Colombia,
103,Manuel Mercuri,@mercuri_88,20.9M,Italy,
104,Brody Wellmaker,@brodywellmaker,20.9M,,Funny
105,Duke Depp,@willywonkatiktok,20.8M,United States,
106,Maria Clara Garcia,@claragnds,20.7M,,Entertainment and Music
107,jiffpom,@jiffpom,20.6M,,Pets
108,TWICE,@twice_tiktok_official,20.6M,,Entertainment and Music
109,mks,@mks.vision,20.6M,United Kingdom,
110,Hassen Dahhan,@elpanaarabe,20.4M,Syria,Entertainment and Music
111,Nicki Minaj,@nickiminaj,20.3M,United States,Entertainment and Music
112,Tayler Holder,@itstaylerholder,20.2M,United States,Entertainment and Music
113,☘️Trà Đặng☘️,@tra.dang.904,20.1M,,Entertainment and Music
114,Alí Izquierdo,@aliizquierdo_,20.1M,,Entertainment and Music
115,Nutshell,@nutshellanimations,19.8M,,Animation and Cosplay
116,Samuel Lopez,@samuellopez_,19.8M,,Education
117,#NAME?,@maisa,19.7M,Brazil,Arts and Crafts
118,Юлия Гаврилина 🤍,@gavrilinaa,19.7M,,Beauty and Self Care
119,Nic Kaufmann,@nickaufmann,19.7M,,Photography
120,Alex Stemplewski,@alex.stemp,19.7M,,Photography
121,Iran Ferreira (Lai),@luvadepedreiro,19.6M,,
122,🎭 Deiry Vargas 🎭,@deiryvargas,19.6M,Colombia,Acting and Drama
123,Sofi _Mata,@sofia_mata_yeas,19.6M,,Entertainment and Music
124,Kelly y David,@busta_brothers,19.5M,Ecuador,Entertainment and Music
125,@Jordi.koalitic,@jordi.koalitic,19.5M,,Photography
126,Ruivinha de Marte,@ruivinhademarte,19.3M,,Entertainment and Music
127,SandTagious,@sand.tagious,19.3M,,
128,Nursema Altuntas,@nnursema,19.2M,,Education
129,Kira Simurina lips baby🦋,@kira_smrn,19.2M,,Beauty and Self Care
130,Spice King,@spicyycam_,19.1M,United Kingdom,Food
131,tyshon,@tyshonlawrence,19.1M,,Entertainment and Music
132,jules,@julesleblanc,18.9M,,
133,Andrea Brillantes,@blythe,18.8M,Philippines,Entertainment and Music
134,Jack Black,@jackblack,18.8M,,Entertainment and Music
135,✨ Linh Barbie ✨,@linhbarbie,18.7M,,Beauty and Self Care
136,Emir Abdul Gani,@emirabdulgani,18.7M,,
137,Маргарита Дьяченкова,@margo_flury,18.7M,Russia,Acting and Drama
138,Карина,@karinakross,18.7M,,
139,Miley Cyrus,@mileycyrus,18.7M,United States,Entertainment and Music
140,actuallyitsbella,@onlyjayus,18.6M,,Funny
141,Joey Klaasen,@joeyklaasen,18.6M,,Entertainment and Music
142,ADELE,@adaliatta,18.6M,,Fashion and Accessories
143,Joe Bartolozzi,@joe.bartolozzi,18.5M,United States,Entertainment and Music
144,𝑨𝒎𝒂𝒓𝒂 𝒒𝒖𝒆 𝒍𝒊𝒏𝒅𝒂,@amaraquelindarawr,18.5M,,Beauty and Self Care
145,Ness,@nessaabarrett,18.5M,,
146,Madison Beer,@madisonbeer,18.4M,United States,Entertainment and Music
147,Cat Sonya,@sonyakisa8,18.2M,,
148,Kevlex Pazmiño 👑,@kevlexd,18.1M,,
149,sssniperwolf,@sssniperwolf,18M,,
150,Hannah Balanay,@thexhan,18M,,
151,Lea Elui,@leaelui,18M,,Fashion and Accessories
152,Karen Barrera,@karenbarreraoficial,18M,,
153,Twin Melody,@twinmelody,17.9M,Spain,
154,Georgie Boy,@heresyourmonkeycontent,17.8M,,Entertainment and Music
155,AbjkMRstY,@jungkook,17.8M,,
156,Deamontol,@deamontol,17.8M,,
157,Sarah Magusara,@sarahmagusara,17.8M,Australia,family
158,Urban Theory,@urbantheory_,17.8M,Italy,Entertainment and Music
159,Aylin,@aylin.criss,17.8M,,
160,LeendaDong,@yoleendadong,17.6M,United States,Entertainment and Music
161,Erika Buenfil,@erikabuenfiloficial,17.6M,,
162,Camila Cabello,@camilacabello,17.6M,United States,Entertainment and Music
163,Andrea Cuadros,@andreecuadros,17.5M,,Education
164,Sonia Mayu,@fresajapomex,17.5M,,
165,JuanDa.,@juandamc,17.5M,,
166,MADI MONROE,@madi,17.5M,United States,Fashion and Accessories
167,JLO,@jlo,17.5M,United States,Entertainment and Music
168,Cindy👄,@cindy518c,17.4M,China,Entertainment and Music
169,deepins,@deepins,17.4M,,
170,Cameron Dallas,@camerondallas,17.4M,United States,Entertainment and Music
171,sebastianyatra,@sebastianyatra,17.4M,,
172,Gemelas Ortega,@gemelasortega,17.3M,Colombia,Pets
173,Mariana,@marianapalaciios,17.3M,,Entertainment and Music
174,Post Malone,@postmalone,17.2M,United States,Entertainment and Music
175,Ingrid Ohara,@ingridohara,17.1M,Brazil,Entertainment and Music
176,🌟SHINSAMA🌟,@shinsama422,17M,South Korea,Entertainment and Music
177,Austin,@austinsprinz,16.9M,United States,Entertainment and Music
178,MR ZEO 🇩🇴,@mrzeooficial,16.9M,Dominican Republic,
179,Legna Hernández,@legnahernandez1,16.9M,,Finance
180,brittikitty,@brittikitty,16.9M,,
181,Wian,@wian,16.8M,,Entertainment and Music
182,Abby Roberts,@abbyroberts,16.7M,,Arts and Crafts
183,The Card Guy,@thecardguy,16.7M,,Entertainment and Music
184,~YEŞİM,@yesimresmi1,16.6M,,Beauty and Self Care
185,Charlie Puth,@charlieputh,16.6M,United States,
186,Vladimir Grand,@callmegrand,16.6M,Philippines,Entertainment and Music
187,otakoyakisoba,@otakoyakisoba,16.6M,Japan,
188,먹스나 Muk SNa,@a.bite,16.4M,Cambodia,Food
189,LGNDFRVR,@lgndfrvr,16.4M,,
190,Dude Perfect,@dudeperfect,16.3M,,
191,Fefe,@fefe,16.3M,,Entertainment and Music
192,Luísa Sonza,@luisasonza,16.3M,Brazil,Music
193,Mario Aguilar,@marioaguilar,16.3M,Mexico,Entertainment and Music
194,SINGLE DAD,@candyken,16.2M,United States,Fitness and Health
195,MARIANA,@marianamiamorch,16.2M,,Entertainment and Music
196,Savage 😈,@itsavage,16.2M,United States,Business and Finance
197,Hytalo Santos,@hytalosantosoficial,16.2M,,
198,ponciklendin,@ponciklendin,16.1M,,
199,Zhong,@zhong,15.9M,,Arts and Crafts
200,McKenzi Brooke,@mckenzibrooke,15.9M,,
201,Alex Warren,@alexwaarren,15.7M,,Entertainment and Music
202,Sandra Lee,@drpimplepopper,15.6M,United States,Beauty and Self Care
203,Fernanfloo,@fernanfloo,15.6M,,
204,Felipe Neto,@felipeneto,15.5M,Brazil,
205,TP,@thispronto,15.5M,,Entertainment and Music
206,AbbieHerbert,@abbieherbert,15.5M,,
207,Ben Azelart,@benazelart,15.5M,,Entertainment and Music
208,Rhia👑,@rhia.official,15.4M,,Entertainment and Music
209,Camila Loures,@camilaloures,15.4M,,Entertainment and Music
210,IdeaTime⭐Everywhere😎,@ideatimes,15.4M,United States,Education
211,Vector,@_vector_,15.4M,,Product Showcase
212,Ed Sheeran,@edsheeran,15.3M,United Kingdom,Entertainment and Music
213,HolyGxd ( HolyGod ),@holygxd74,15.3M,,
214,Emilly Vick,@emillyvickof,15.3M,Brazil,Fashion and Accessories
215,“payton”,@payton,15.2M,,
216,ss,@sandys.ss,15.2M,,
217,종민오빠 Jongmin oppa,@jongmineyo,15.1M,,
218,Nick&Sienna🌹,@nickandsienna,15.1M,,
219,The D’Amelio Family,@dameliofamilyofficial,15.1M,United States,Entertainment and Music
220,Enkyboy,@enkyboys,15.1M,,Entertainment and Music
221,Goub,@goub,15M,,
222,Alex Casas,@alexcasasvz,15M,,
223,Amaranta Venegas,@amarantavp_,15M,,
224,MONA,@mngnzls,14.8M,,Entertainment and Music
225,❣️Sky & Tami❣️,@skyandtami,14.8M,Ukraine,
226,LEYTINK,@leytink,14.8M,,Entertainment and Music
227,Mikayla Nogueira,@mikaylanogueira,14.7M,,Beauty and Self Care
228,Natti Natasha,@nattinatasha,14.7M,Dominican Republic,
229,Bad Barbie 🙎🏼‍♀️🍼✨🕊,@badbaarbie,14.6M,United States,Beauty and Self Care
230,Đào Lê Phương Hoa,@hoaa.hanassii,14.5M,Vietnam,
231,LK,@lkzinhu,14.5M,Brazil,Arts and Crafts
232,nourmar5,@nourmar5,14.5M,United Arab Emirates,
233,Ziba Gulley 🥀,@xzayx89,14.5M,Afghanistan,Business and Finance
234,supercarblondie,@supercarblondie,14.5M,,Auto and Vehicles
235,Demi Bagby,@demibagby,14.4M,,
236,Unaa🍜,@mieayamthebstt,14.4M,Indonesia,Games
237,Sanya Lopez,@sanya_lopez,14.4M,Philippines,Entertainment and Music
238,Nikita Dragun,@nikitadragun,14.4M,United States,Beauty and Self Care
239,Rami,@ramizeinn,14.3M,,
240,KingKid👑,@kingkidjoshua,14.3M,,Entertainment and Music
241,karrambaby💕,@kkarrrambaby,14.3M,,Entertainment and Music
242,Mocha,@mochapom,14.2M,,Pets
243,옐언니 SISTERYELL,@sisteryell,14.2M,South Korea,Beauty and Self Care
244,Lily Garcia,@lilyxgarcia,14.2M,,
245,Marlenebenitez,@marlene2995,14.2M,,Life and Society
246,Joshua Monis,@joshuamonis,14.1M,,Entertainment and Music
247,Letícia Pedro,@leticiapedro,14.1M,,Acting and Drama
248,A bailar con Maga,@abailarconmaga,14.1M,,Entertainment and Music
249,Mariah and Bill ღ,@mariahandbill,14.1M,,Entertainment and Music
250,deivis,@davidgetial,14M,,
251,KeniaOs,@keniaos,14M,,Beauty and Self Care
252,Elaine Haro,@elaineharomusic,14M,,
253,Ali_Hyderabadi ❤️,@ali_khan110,14M,,Entertainment and Music
254,⚡️ El Tío Néstor ⚡️,@soy.nestor,13.9M,,Entertainment and Music
255,AlfredoLarin,@alfredolarin,13.9M,,
256,nicole garcia,@nicolegarcia,13.9M,,
257,J-COP,@beatboxjcop,13.9M,South Korea,Entertainment and Music
258,Brooke Ashley Hall,@brookeashleyhall,13.9M,,Product Showcase
259,renata,@riwww,13.9M,,Pets
260,MOONTELLTHAT,@moontellthat,13.8M,,
261,Fuji,@fujiiian,13.8M,,
262,Gary Vaynerchuk,@garyvee,13.8M,United States,Education
263,TheRealHammyTV,@therealhammytv,13.7M,,Entertainment and Music
264,Вова & Аня,@twiceofnice,13.7M,,Entertainment and Music
265,Audrey Hopkins,@auditydraws,13.6M,United States,Animation and Cosplay
266,DorisJocelyn🦩,@dorisjocelyn,13.6M,,Entertainment and Music
267,Kouvr,@k0uvr,13.6M,,Beauty and Self Care
268,Gabriel Peixinho,@peixinh0,13.6M,,Entertainment and Music
269,Tabs,@tabithaswatosh,13.5M,United States,
270,Sabrina Carpenter,@sabrinacarpenter,13.4M,,
271,Shortest Blockbusters,@shortestblockbusters,13.4M,,
272,Hazel Grace,@queenluvs14,13.4M,,Romance and Wedding
273,Object,@the_object,13.4M,,Photography
274,nilson ☻,@nilsonneto,13.3M,Brazil,Entertainment and Music
275,DREAM TEAM,@dream_team_house,13.3M,,
276,Vanessa Alvarez,@vanessakate_,13.3M,,Fitness and Health
277,Noemi Nikita,@noeminikita,13.3M,Hungary,Entertainment and Music
278,Anwar Jibawi,@anwar,13.3M,,
279,Eya,@eyavanana,13.3M,,
280,MisterMainer,@mistermainer,13.3M,United States,Nature
281,INSTASAMKA,@samkamusic,13.2M,United Arab Emirates,Entertainment and Music
282,Zeth,@zeth,13.2M,,family
283,Бабич или БабиТч?🤨,@ba.bich_,13.2M,,
284,Moh Faruk,@faruk_pc,13.2M,,
285,Miketoks,@miketoks,13.2M,Dominican Republic,Entertainment and Music
286,𝐹𝑎𝑏𝑖𝑜𝑙𝑎,@fabiola.baglieri,13.2M,Italy,Celebrity
287,Dana,@huronarolera,13.1M,,Games
288,MirandaSings,@mirandasings,13.1M,,Entertainment and Music
289,Jacob Colvin,@jake.pnw,13M,United States,Fitness and Health
290,Nicole Louise,@nicolelouise,13M,,Beauty and Self Care
291,Ngô Ngọc Hoà🦄,@hoa_2309,13M,,Careers
292,Cowbelly’s Memes,@memes,13M,United States,Funny
293,sweetyhigh,@sweetyhigh,13M,,Education
294,Sam Ryder,@samhairwolfryder,13M,,Entertainment and Music
295,Bessan Ismail - بيسان اسماعيل,@bessan_esmail,13M,Syria,Entertainment and Music
296,DamnBoy⚫️🔓,@razor.fathanah,13M,Indonesia,Entertainment and Music
297,siennamae,@siennamae,13M,,Funny
298,Jennycamacho92,@jennycamachor,13M,,
299,Maverick Baker,@maverickbaker,13M,United States,Entertainment and Music
300,Fede Vigevani,@fedevigevani,13M,,
301,anna,@annabananaxdddd,12.9M,,-
302,Juanpa Zurita,@juanpazurita,12.9M,Mexico,Entertainment and Music
303,Xspencer,@spencer_serafica,12.9M,,Games
304,Nickelodeon,@nickelodeon,12.9M,United States,
305,Heyimparis,@brotherofcolor,12.9M,-,Entertainment and Music
306,SJ,@sjbleau,12.9M,-,Fashion and Accessories
307,LA DIVAZA 🌌,@ladivaza,12.9M,-,-
308,Salavat Fidai,@salavat.fidai,12.9M,-,-
309,DangMattSmith,@dangmattsmith,12.8M,-,-
310,Christian Fabián D.,@christianfabiannn,12.8M,-,-
311,Taylor Red,@taylorred,12.8M,-,-
312,Queenay👸🏻,@queeneemercado,12.8M,Philippines,Entertainment and Music
313,Cheryl Antoinette,@cheryantoinette,12.7M,-,Entertainment and Music
314,House of Highlights,@houseofhighlights,12.7M,United States,Sports
315,ShaqDieselONeal,@shaq,12.7M,United States,
316,Emily Mariko,@emilymariko,12.7M,United States,Fashion and Accessories
317,King Science,@king.science,12.7M,United States,Education
318,Semiraminta,@semiraminta,12.7M,Turkey,
319,Jake Fellman,@jakefellman,12.7M,-,Animation and Cosplay
320,HPC Official,@hpc_official,12.7M,-,Business and Finance
321,Steve Harvey,@steveharvey,12.7M,United States,Entertainment and Music
322,sebastianbails,@sebastianbails,12.6M,United States,Entertainment and Music
323,Ami Rodriguez,@amirodriguezz,12.6M,-,-
324,Pierre,@itspierreboo,12.6M,-,-
325,ميتو الشامسي,@iimeeto,12.6M,United Arab Emirates,
326,Luke Davidson,@lukedavidson_,12.6M,-,Entertainment and Music
327,B.😋🙃🤗🤨🙄🤪,@itsbsd,12.6M,-,-
328,EHIZ,@_ehiz,12.6M,United States,
329,☆𝑺𝑨𝑯𝑵𝑶𝑽𝑨☆,@alena_sahnova,12.5M,-,-
330,Robby Cole,@robbyandpenny,12.5M,-,-
331,Kamilla,@kamillatasty,12.5M,,-
332,Eliott Brown,@eliottbrown,12.5M,,-
333,Savyy,@suavexavier,12.5M,-,Entertainment and Music
334,Katy Vine,@katy.vine,12.5M,Russia,
335,Stray Kids,@jypestraykids,12.4M,South Korea,
336,신사장 SHIN SAJANG,@shin_sajang93,12.4M,South Korea,
337,Lamila Petschart,@blondebrunetteredhead,12.4M,,Pets
338,Zachery Dereniowski,@mdmotivator,12.4M,United States,
339,Ivan KEN🤴🏼,@ivanmartinez,12.3M,Uganda,Funny
340,alok,@alok,12.3M,-,-
341,sunny kalra,@sunny_kalra55,12.3M,United Arab Emirates,
342,wewearcute,@wewearcute,12.3M,-,Fashion and Accessories
343,NLE choppa,@nlechoppamusic,12.3M,-,
344,soydanielvargas,@soydanielvargas,12.3M,-,-
345,Dhar Mann,@dhar.mann,12.2M,United States,Life and Society
346,YOLO,@capitanyolotroll,12.2M,-,-
347,⚜ RAMPAGE ⚜,@rampage_thedancer,12.2M,-,Fashion and Accessories
348,Leidys Sotolongo,@leidys_sotolongo,12.2M,-,-
349,Masked Hokage,@naruto0919,12.2M,Japan,Animation and Cosplay
350,Даня Бум,@danilis_boom,12.2M,Russia,Entertainment and Music
351,🍁🍁🍁omi🍁🍁🍁,@shamima_afrinomi,12.1M,,
352,Inma💤,@_inmagic_,12.1M,-,Entertainment and Music
353,Mary Lite Lamayo,@maryliteedang,12.1M,,-
354,DadlifeJason,@dadlifejason,12M,-,-
355,Naz Dej,@nazdej,12M,,-
356,Nicky Champa,@nickychampa,12M,-,-
357,Leana Deeb,@leanadeeb,12M,Uruguay,
358,BABY J,@jostasy,12M,United States,
359,Sofie Dossi,@sofiedossi,12M,United States,
360,anna x,@annaxsitar,12M,United States,
361,barış dada,@barisresmiii,11.9M,-,-
362,Гульзана,@_guzi_,11.9M,-,-
363,BADDIES ONLY,@imbaddiesonly,11.9M,-,Entertainment and Music
364,Pinup pixie,@pinuppixie,11.9M,United States,
365,지원패밀리,@jiwon_family,11.9M,South Korea,
366,Megan Thee Stallion,@theestallion,11.8M,United States,
367,The Shluv Family,@theshluvfamily,11.8M,-,family
368,egorkaship,@egorkaship_official,11.8M,-,-
369,Yef,@yefersoncossio,11.8M,-,Entertainment and Music
370,Mar Lucas,@marlucas18,11.8M,-,-
371,Maleja 👑,@soymaaleja,11.7M,Colombia,
372,IAN,@ianboggs,11.7M,-,-
373,Jake Sweet,@jakebsweet,11.7M,-,-
374,Liane V,@lianev,11.7M,United States,
375,Falco,@falcopunch,11.7M,-,Arts and Crafts
376,AngelX,@dj.angelx,11.7M,-,-
377,marcelotwelve,@marcelotwelve,11.7M,Brazil,
378,The Reptile Zoo,@thereptilezoo,11.6M,-,Animals
379,Queen Star 🧚🏼‍♀️,@queenstaralien,11.6M,United Kingdom,
380,Vivi,@vivi,11.6M,-,Beauty and Self Care
381,The Plastique Tiara,@plastique_tiara,11.6M,United States,
382,LightskinMonte,@thereallightskinmonte,11.6M,-,-
383,minecraftnutiy,@minecraftnutiy,11.6M,-,Games
384,Bailey,@baileyspinn,11.5M,-,Entertainment and Music
385,Nics Orense,@nics.orense01,11.5M,-,Entertainment and Music
386,MELISSA ☻,@melissaendara,11.5M,,Beauty and Self Care
387,TwinsFromRussia,@twinsfromrussia,11.5M,-,Entertainment and Music
388,VILMEI✨,@vilmeijuga,11.4M,Indonesia,
389,Jose Vasquez 🦄,@josevasqueztv,11.4M,-,-
390,Paige Zilba,@paigezilba,11.4M,-,Entertainment and Music
391,Meghan Trainor,@meghantrainor,11.3M,-,-
392,Cielo Anais,@cieloanaiss,11.3M,-,Entertainment and Music
393,Silntgirl0❤️,@silntgirl0official,11.3M,,-
394,jharna bhagwani,@jharnabhagwani,11.3M,,Entertainment and Music
395,JoelBergs,@joelbergs,11.3M,Australia,
396,PANDA BOI,@pandaboi.com,11.3M,-,Entertainment and Music
397,Dudinhaa❤️,@dudinhaarrudaa2,11.2M,-,-
398,wildnout,@wildnout,11.2M,-,Entertainment and Music
399,Frede Brocha,@fredebrochito,11.2M,-,-
400,Jesse J. Pedigo,@creatingwonders,11.2M,-,Entertainment and Music
401,enhypen,@enhypen,11.2M,,
402,Pakoyaso,@pakoyaso_,11.2M,,Entertainment and Music
403,🔱🌹القيصر🌹🔱,@1_alkaisr_1,11.2M,,
404,Vice Ganda,@unkabogableviceganda,11.2M,Philippines,
405,Anxiety couple,@anxietycouple,11.2M,United States,Entertainment and Music
406,billy,@billyvsco,11.2M,,Entertainment and Music
407,Luis Méndez,@luismendez1405,11.2M,,
408,Isaías,@isaias,11.2M,Brazil,Entertainment and Music
409,𝔉𝔢́𝔫𝔦𝔵,@zacil.jimenez,11.1M,,Arts and Crafts
410,22 Savage,@artur.edlind,11.1M,,Entertainment and Music
411,Tommy,@tommyunold,11.1M,,
412,animalize21🔥,@animalize21,11.1M,Spain,Animals
413,景井 ひな,@kageihina,11.1M,,
414,Silvana14,@vasilvana1,11M,,
415,Rei,@reiley,11M,,Entertainment and Music
416,Eh Bee Family,@ehbeefamily,11M,Canada,Family
417,Karl,@karljacobs,11M,,
418,Ignacio Orellana,@nachitojuegajuegos,11M,,Games
419,Tyga,@tyga,11M,,Entertainment and Music
420,✨B I A N C A O S S✨,@soybiancaoss,10.9M,Mexico,
421,kallmewhateveryouwant,@kallmewhateveryouwant,10.9M,,
422,Brooklynne Webb,@xobrooklynne,10.9M,Canada,
423,Angelo,@_angelomarasigan,10.9M,,Entertainment and Music
424,Lulu99,@_lulu99,10.9M,,Education
425,ufc,@ufc,10.9M,,
426,ウエスP(Mr Uekusa/Wes-P),@uespiiiii.1115,10.9M,,
427,Lyrics,@lyrics,10.9M,,
428,Andy George,@andysistar407,10.8M,Mexico,
429,Jena,@jena,10.8M,,Fashion and Accessories
430,Ellie Zeiler,@elliezeiler,10.8M,United States,Beauty and Self Care
431,zefelipe,@zefelipecantor,10.8M,,Entertainment and Music
432,By Pamella,@bypamellaa,10.8M,,
433,junpei zaki,@junpei.zaki,10.8M,,
434,Not Brooke Monk,@notbrookemonk,10.8M,,Entertainment and Music
435,Kuya Magik,@kuyamagik,10.7M,Philippines,Entertainment and Music
436,МАРУСЯ НА СВЯЗИ 🤪💜,@vashamarousia,10.7M,,
437,Javi Luna,@javiluna,10.7M,,Acting and Drama
438,Yskaela Fujimoto,@yskaela,10.7M,,
439,GEVids,@gevids,10.7M,,Games
440,Vaiti,@vaimonroe,10.6M,,Beauty and Self Care
441,🌟SWEETYBOY🌟,@mateosarc,10.6M,Spain,Entertainment and Music
442,💥160cm💥 [10M❤️],@angelloweee,10.6M,,Fashion and Accessories
443,Savanah Moss,@savanahmosss,10.6M,,Food
444,Zack Lugo,@zacklugo,10.6M,,Acting and Drama
445,Mridul Madhok,@mridulmadhok_,10.6M,,Education
446,Nasser Ferreiro,@nasserferreiroo,10.6M,Spain,Entertainment and Music
447,Cole Walliser,@colewalliser,10.6M,,Arts and Crafts
448,Audrey,@ate_audwii,10.6M,,Entertainment and Music
449,Filmlooji,@filmlooji,10.6M,,Arts and Crafts
450,Miracle,@miracle_tiktok,10.5M,,Nature
451,Josette pimenta,@josettepimenta,10.5M,,Entertainment and Music
452,Swerab Smith,@swerabsmith3,10.5M,,Entertainment and Music
453,Calixto Serna,@mexicocookingclub,10.5M,Mexico,Food
454,Caleb Coffee,@calebcoffee,10.5M,United States,
455,KSI,@ksi,10.4M,,Entertainment and Music
456,SIDELNIKOVVV,@sidelnikovvv,10.4M,,Entertainment and Music
457,Sergio Agüero,@kunaguero,10.4M,Argentina,Sports
458,💗 DIANA ASTER 💗,@diana_aster,10.4M,United States,Beauty and Self Care
459,Lindy and Jlo,@mamalindy,10.4M,,Entertainment and Music
460,S Moy,@sebastianmoy,10.4M,China,
461,Abdullahi is my name btw,@itsyaboymaina,10.4M,Nigeria,
462,Nacho Gil Conesa,@nachter,10.4M,Spain,
463,NADEEM MUBARAK,@nadeemmubarakofficial,10.4M,,
464,Lopeztips 📲,@lopeztips,10.4M,,
465,💜Milka Queen💜,@milway.ka,10.4M,Poland,
466,Dan Rhodes,@danrhodes,10.3M,,
467,bizmike_official,@bizmike,10.3M,,Entertainment and Music
468,Analisseworld,@analisseworld,10.3M,Nicaragua,
469,FallonTonight,@fallontonight,10.3M,,Entertainment and Music
470,Littel_Johnny,@littel_johnny,10.3M,,
471,Shrouqsunshine,@shrouqsunshine,10.3M,,
472,Marco Hall,@iammarcohall,10.3M,,Entertainment and Music
473,Kim Migneault,@kimmigneault,10.3M,Canada,Entertainment and Music
474,Justina Valentine,@justinavalentine,10.3M,United States,Music
475,Mehak Malik official,@mehakmalikofficial578,10.3M,Pakistan,
476,КЛАВА КОКА 💃🏼,@klavacoca,10.3M,Russia,Entertainment and Music
477,SARATI,@sarati,10.3M,,Fitness and Health
478,Rosalinda Salinas,@rosy.salinass,10.2M,Mexico,
479,Netflix Brasil,@netflixbrasil,10.2M,Brazil,Entertainment and Music
480,LA MAFE TV 🌸,@mafevasqueztv,10.2M,,Entertainment and Music
481,alwi fahry,@alwifahry,10.2M,,
482,Vittor Fernando,@vittorfernando,10.2M,,
483,Evan Tan,@itsevantan,10.2M,,
484,Karleshion,@karladelatorre97,10.2M,Mexico,
485,Eddie,@sauceddie,10.2M,Mexico,Celebrity
486,B. Dylan Hollis,@bdylanhollis,10.2M,,
487,Kaykai,@kaykai_ntch,10.2M,,
488,iAmJordi,@iamjordiofficial,10.2M,,Music
489,Семейка Адамс,@hmelkofm,10.2M,,
490,MichaeelBoons,@michaeelboons,10.2M,,
491,Mahavsekruto🏄‍♀️🏄‍♀️🏄‍♀️,@mahavsekupleno,10.2M,,Entertainment and Music
492,Duckinss,@duckinss,10.2M,,Entertainment and Music
493,KrAn,@djstwins,10.1M,,Entertainment and Music
494,Arisita,@arianny.tenorio,10.1M,,Entertainment and Music
495,ludmilla,@ludmilla,10.1M,,
496,Patrick Minor,@ayypatrick,10.1M,,Entertainment and Music
497,philiptanasas,@philiptanasas,10.1M,,Entertainment and Music
498,ShaulaPonce2.0,@shaulaponce2.0,10.1M,,
499,jovynn,@itsjovynn,10.1M,,Entertainment and Music
500,BashTheEntertainer,@bashtheentertainer,10M,United Kingdom,
501,Dewi perssik,@dewiperssik_real,10M,Indonesia,Entertainment and Music
502,Arshdeep Soni,@arshsoni,10M,,
503,Turma da Valzinha ✨,@turmadavalzinhaoficial,10M,,Entertainment and Music
504,Hope Schwing,@hope_schwing,10M,United States,Acting and Drama
505,Dafaatmja,@dafaatmja,10M,,
506,andrewlarranaga,@andrewlarranaga,10M,,
507,CARDI,@cardibungal,10M,,
508,nick.digiovanni,@nick.digiovanni,10M,,Food
509,Sydney Morgan,@sydney_art,10M,,Beauty and Self Care
510,dean.schneider,@deanschneider.official,9.9M,,Animals
511,Bill Nye,@billnye,9.9M,United States,
512,CHIKYBOMBOMREAL,@chikybombomreal,9.9M,United States,Entertainment and Music
513,Luca Gallone,@lucagallone,9.9M,Armenia,
514,ISSEI/No War,@issei0806,9.9M,Japan,
515,Bruno Mars,@brunomars,9.9M,United States,Entertainment and Music
516,HaueterFamily,@haueterfamily,9.9M,,family
517,💗 Jessi&Sean 💗,@jessibrugali,9.9M,,Food
518,Ely Blancarte,@elyblancarte,9.9M,Mexico,
519,Kelianne,@iamkelianne,9.9M,,
520,ᴄᴏɴʀᴀ,@conradovillagra,9.9M,Argentina,Entertainment and Music
521,Tom Felton,@t22felton,9.8M,United Kingdom,Acting and Drama
522,Antonyviews✌🏼,@antonyviews,9.8M,Mexico,
523,Ekaterina Lisina,@lisina15,9.8M,,
524,NileRed,@nilered,9.8M,,Beauty
525,Faryal 🧚🏻♀️,@faryal_fairyyy,9.8M,United Arab Emirates,
526,sherif khalid 🙏,@sherifkhalid,9.8M,,
527,Celso Portiolli,@portiolli,9.8M,Brazil,
528,andreaespadatv,@andreaespadatv,9.8M,,Entertainment and Music
529,Sam Way,@samseats,9.8M,,
530,foxy,@foxy,9.7M,,Beauty and Self Care
531,Nina Baiocchi,@ninabaiocchi,9.7M,,Arts and Crafts
532,Catherine Benson,@_catben_,9.7M,,Home and Garden
533,🔱 КОРОЛЕВА 🔱,@miaboyka,9.7M,,Music
534,Howie Mandel,@officialhowiemandel,9.7M,Canada,Entertainment and Music
535,МИР ГЛАЗАМИ МИКРОСКОПА,@mir_glazami_microscopa,9.7M,,Arts and Crafts
536,AFVofficial,@afvofficial,9.7M,,Funny
537,Panna,@azchpn,9.7M,,Pets
538,Mariah Carey,@mariahcarey,9.7M,United States,Entertainment and Music
539,Criselda Alvarez,@chickennuggetsop,9.7M,,Entertainment and Music
540,JEENIE,@jeenie.weenie,9.7M,,family
541,Jeremy Hutchins,@jeremyhutchins,9.7M,,Entertainment and Music
542,Kervo.dolo,@kervo.dolo,9.7M,,Product Showcase
543,Osito Lima 🐻,@lima,9.7M,,Life and Society
544,Luccas Neto,@luccasneto,9.7M,,
545,Polina Dubkova,@dubkovapo,9.7M,,
546,Sergio Ramos,@sergioramos,9.6M,,
547,Ceren Yaldız,@cerenyaldz,9.6M,,Beauty and Self Care
548,barbie.pvm,@babi.pvm,9.6M,,
549,Ellen,@ellendegeneres,9.6M,,
550,Rayssa Buq,@rayssabuq,9.6M,United States,family
551,Lex,@redbedonia,9.6M,Philippines,Fashion and Accessories
552,Chelsea FC,@chelseafc,9.6M,,
553,Jess Val,@jessvalortiz,9.6M,,Fashion and Accessories
554,Nico🐶,@nico_thepomeranian,9.6M,,Pets
555,🌻Ruthbell,@ruthbellpan,9.6M,United States,Games
556,Jason Thores,@jasonthores,9.6M,Mexico,Entertainment and Music
557,ELYSSA JOY,@elyssajoy_,9.6M,,
558,Enaldinho,@enaldinho,9.6M,,Entertainment and Music
559,Николай,@nekoglai,9.5M,,
560,vale,@valeriacarruyo,9.5M,,Entertainment and Music
561,Sheena Melwani,@sheenamelwani,9.5M,,Entertainment and Music
562,•Brenda•,@brefran77,9.5M,,
563,IOHA,@instituteofhumananatomy,9.5M,United States,Education
564,ПАУК 🕷,@moscow_spider,9.4M,,
565,monismurf ⚡️,@monismurf,9.4M,,Funny
566,Fran Callejon,@francallejon,9.4M,Spain,Entertainment and Music
567,Nick Austin,@nickaustinn,9.4M,,
568,Preston,@preston,9.4M,,Entertainment and Music
569,Rihanna,@rihanna,9.4M,,
570,JuanSGuarnizo,@juaniquilador,9.4M,,
571,fritzdoesart,@fritzdoesart,9.4M,,Arts and Crafts
572,ᴀᴜʀɪ ✨,@aurikatariina,9.4M,,Home and Garden
573,Gabriela Moura,@gabimfmoura,9.4M,Brazil,
574,newt,@newt,9.4M,,Entertainment and Music
575,shai 🦋,@bbygshaii,9.4M,,
576,junna ฅ^•ﻌ•^ฅ,@nintendo.grl,9.4M,,Entertainment and Music
577,KingZippy,@kingzippy,9.4M,,Entertainment and Music
578,marko,@marko,9.3M,,
579,F.ukuro / Tea,@f.ukuro,9.3M,United Kingdom,Entertainment and Music
580,TikTok Brasil,@tiktokbrasil,9.3M,Brazil,Entertainment and Music
581,Max Taylor,@maxtaylorlifts,9.3M,,Entertainment and Music
582,Ong Squad,@ongsquad,9.3M,,family
583,Tool_Tips,@tool_tips,9.3M,United States,DIY and Life Hacks
584,katieangeltv,@katieangeltv1,9.3M,,Entertainment and Music
585,Yoskiyoshi,@yoskiyoshi,9.3M,,
586,ladygaga,@ladygaga,9.3M,,
587,kyline alcantara,@itskylinealcantara3,9.3M,Philippines,
588,Lauren Paley,@laurenpaley,9.3M,,Entertainment and Music
589,Lennie Enverga,@lennieenverga,9.3M,,Games
590,Mae,@malexaleon,9.3M,,
591,Daniela Alfaro,@soydanielaalfaro,9.3M,,Beauty and Self Care
592,Buzz Magician Shin シン,@magicianshin,9.2M,,Entertainment and Music
593,Montana Tucker,@montanatucker,9.2M,United States,Entertainment and Music
594,Ananda,@ananda,9.2M,Brazil,Entertainment and Music
595,CACIL🦋,@cacilbillyeonnie,9.2M,,Entertainment and Music
596,Babo Cartel de Santa,@babo_cds,9.2M,Mexico,Entertainment and Music
597,Magic Daniell,@magic_daniell,9.2M,,Animation and Cosplay
598,Kylie King,@kylielagringa,9.2M,United States,
599,Simba Jones,@baby_simba47,9.2M,United States,Entertainment and Music
600,Semga,@semaebaaa,9.1M,,Entertainment and Music
601,Static 2.0,@jonathanrivera04,9.1M,-,
602,DAVID🤠,@davidjustinn,9.1M,-,Entertainment and Music Funny
603,AnNhiên ❤️ BốiBối,@annhien_boiboi,9.1M,-,family
604,kat.vs.damfworld on IG,@katkatmanimtim123,9.1M,United States,Entertainment and Music
605,DinoSonso,@dinosonso_ofc,9.1M,-,
606,ELÁN,@_elan__,9.1M,-,Entertainment and Music Funny
607,Colleen Ballinger,@colleen,9.1M,-,
608,Iker Unzu,@ikerunzu,9.1M,-,
609,ALaa Ayman,@alaa.ayyman,9.1M,-,Animals
610,STEPHEN,@stephen_benihagan,9M,-,Entertainment and Music
611,Casey Simpson✨,@caseysimpson,9M,United States,Entertainment and Music
612,ເຈ້ 'ມ໋ອງ ເລຍ'ລົ້ມ🇱🇦🇱🇦,@jmong044,9M,-,
613,kaeli mae,@kaelimaee,9M,-,
614,Trisha Zia,@trishaaazia,9M,Indonesia,Beauty and Self Care
615,Bryan Kazaka,@bryankazaka,9M,Afghanistan,Entertainment and Music Finance Upskilling
616,Ash Magic💜,@ashmagic,9M,Australia,Entertainment and Music
617,Danny,@dannyphantom.exe,9M,-,Entertainment and Music Funny
618,Sofia Pablo,@sofiapablo,9M,-,
619,Jenna Ortega,@jenna0rtega,9M,-,
620,Nguyễn Hoàng Vinh,@hoangvinhhh,8.9M,Vietnam,Education Entertainment and Music Careers
621,nai,@billlnai,8.9M,-,Education
622,Raissa Chaddad,@raissachaddad,8.9M,Brazil,Acting and Drama
623,Hailee and Kendra,@haileeandkendra,8.9M,-,family Entertainment and Music Food
624,PonchoDeNigris,@ponchodenigris,8.9M,-,
625,noorstars,@noorstars,8.9M,-,
626,♡ Lauren Burch ♡,@laurenxburch,8.9M,-,Video Gaming
627,Настя Монахова,@monakhovan_,8.9M,Russia,family
628,Audrey Ochoa,@audrey_8a,8.9M,Mexico,Life and Society
629,Ashley Soto,@ash_lay,8.9M,-,family
630,ThomasSanders,@thomassanders,8.9M,United States,Entertainment and Music
631,Ina Yatul Zein,@inazein29,8.9M,-,
632,Danielle Sylvester,@sylvester_danielle_,8.9M,-,
633,Lola loliitaa🌸,@lolaloliitaaa,8.9M,Spain,Fashion and Accessories
634,RAP,@rap,8.9M,-,Entertainment and Music
635,DUNK | BASKETBALL,@dunk,8.8M,-,Sports
636,👑DANCING WHEELZ👑,@dancingwheelz,8.8M,-,
637,JAY JAMES NAGY,@jaynagy,8.8M,-,Entertainment and Music
638,Roblox,@roblox,8.8M,-,Games
639,Ara y Fer,@arayfer_ha,8.8M,Mexico,Entertainment and Music Funny
640,Emmy Combs,@emmycombss,8.8M,-,Beauty and Self Care
641,GeorgeNotFound,@georgenotfound,8.8M,-,Entertainment and Music
642,user61235192277,@userdgjhnguj5f,8.8M,-,
643,Victtória Medeiros,@victtoriamedeiros,8.8M,Brazil,
644,Le bong,@lebong95,8.8M,Vietnam,Funny
645,LOURD,@lourdasprec,8.8M,-,
646,5-Minute Recycle,@5.minute.recycle,8.8M,-,DIY and Life Hacks
647,veydi_rush,@veydi_rush,8.7M,-,
648,IShowSpeed,@ishowspeed,8.7M,-,
649,Simaria,@simaria,8.7M,Brazil,
650,Shiman Show | شيمان,@shimanshow,8.7M,-,Entertainment and Music
651,Kikk,@kik0404,8.7M,Thailand,
652,Parker James,@parker_james,8.7M,-,Fashion and Accessories
653,Justin Vibes,@iamjustinvibes,8.7M,-,Entertainment and Music Music
654,Sam Smith,@samsmith,8.7M,-,
655,TGL🤘Remember to follow🤘🙏,@thegreatlondini.com,8.7M,-,Entertainment and Music
656,DeStorm Power,@destorm,8.7M,-,Entertainment and Music
657,LOUD Thaiga,@loud_thaiga,8.7M,-,
658,Ayden Mekus,@aydenmekus,8.7M,-,
659,Đoàn Quốc Thành,@quocthanh0308,8.7M,Vietnam,Entertainment and Music
660,DADDY MING 🦁,@daddyming,8.7M,-,
661,TikTok MENA,@tiktokmena,8.6M,-,
662,Victor Augusto,@loud_coringa,8.6M,-,
663,Icy,@icycol,8.6M,-,Funny Business and Finance
664,内山さん(Uchiyamasan☀️),@uchiyamasan7322,8.6M,Japan,
665,any_cemar,@any_cemar,8.6M,-,
666,kirstentitus,@pepperonimuffin,8.6M,-,Entertainment and Music
667,NFL,@nfl,8.6M,-,Sports
668,PINAT🍅|| IG: @hesfinatia,@hesfinatia,8.6M,-,
669,Uzma,@uzmarahil724,8.6M,-,
670,Greeicy,@greeicybaila,8.6M,-,Entertainment and Music
671,ITZY,@itzyofficial,8.5M,-,Entertainment and Music
672,Desmond Dennis,@desmonddennis,8.5M,-,
673,Bebe Rexha,@beberexha,8.5M,-,Entertainment and Music
674,Macarena✨,@macarenac10,8.5M,-,
675,cellat36,@cellat36,8.5M,-,
676,Близнецы Верзаковы,@twins.verz.parodies,8.5M,Russia,Animation and Cosplay Entertainment and Music
677,chrisbrownofficial,@chrisbrownofficial,8.5M,-,
678,Xóchitl Gómez,@_xochitl.gomez,8.5M,United States,
679,João Pedro Chaseliov,@joaopedrochaseliov,8.5M,-,
680,antonioslimgovea,@antonioslimgovea,8.5M,-,Business and Finance
681,Antrax 💎,@yosoyantrax,8.5M,Mexico,Entertainment and Music Animation and Cosplay
682,JOMBOSPICE,@jombospice,8.5M,-,Food
683,lisa,@lisabarcelox,8.5M,Brazil,
684,eminem,@eminem,8.5M,-,
685,Money Lawyer Erika,@erikakullberg,8.4M,United States,Finance
686,jack neel,@fyp,8.4M,-,Entertainment and Music Funny
687,luizaparente,@luizaparente,8.4M,-,Fashion and Accessories Beauty and Self Care Life and Society
688,Elsarca,@elsarca,8.4M,-,Arts and Crafts
689,Lewis Capaldi,@lewiscapaldi,8.4M,-,
690,Thomas Petrou,@petroutv,8.3M,-,Entertainment and Music
691,MATT STEFFANINA,@mattsteffanina,8.3M,-,Music
692,Shabiraalula&Ayah,@shabiraalulaadnan,8.3M,-,Product Education
693,Nathan Kessel,@kessel_nathan_official,8.3M,-,Entertainment and Music
694,Mariano Razo,@mariano_razo,8.3M,-,Entertainment and Music
695,watsonalves,@euwatson,8.3M,-,
696,lilyachty,@lilyachty,8.3M,-,
697,Lyna Perez,@lynaperezxo,8.3M,United States,Beauty and Self Care
698,Dani Universe,@daniuniverse,8.3M,Mexico,Entertainment and Music
699,Elvir Aljicevic,@elvir_aljicevic,8.3M,Montenegro,
700,samadhiza,@samadhiza_,8.3M,-,Entertainment and Music Acting and Drama
701,Jason Banks,@jasonbankscomedy,8.3M,-,Entertainment and Music
702,Oli Natu,@oli_natu,8.3M,-,Nature
703,style,@style,8.3M,-,Beauty and Self Care
704,Jimmy Darts,@jimmydarts,8.3M,-,Entertainment and Music
705,Razi Monroe,@ssmaaaryy,8.3M,-,Entertainment and Music
706,bobacot🧋,@bobacott,8.3M,-,-
707,Memounstro,@memounstro,8.2M,-,Games
708,Simon Says Vlog 🔥,@simonjosephjavier,8.2M,-,Entertainment and Music
709,Baim Wong,@baimwong,8.2M,Indonesia,
710,Now United,@nowunited,8.2M,United States,
711,Yukii Takahashi,@yukiitakahashiii,8.2M,-,Entertainment and Music
712,Chrystiane Jowy,@_cjma,8.2M,-,Education
713,@luccasabreu,@luccasabreuu,8.2M,-,-
714,kay💖💛,@kaylieleass,8.2M,-,-
715,M A G N O S C A V O,@magno_scavo,8.2M,Spain,
716,Sofia Kochanova,@s.gorshok,8.2M,Belarus,
717,Matias Sebastian Ochoa,@matiasseba.ochoa2,8.2M,-,-
718,Ali,@kingali,8.2M,-,-
719,🇦🇷ARITO,@arito__,8.2M,Argentina, Entertainment and Music
720,HoneyBobaBear,@honeybobabear,8.2M,,Entertainment and Music
721,Samuel Grubbs,@samuelgrubbs,8.1M,United States, Entertainment and Music
722,Manchester City,@mancity,8.1M,-,Sports
723,Maia Knight,@maiaknight,8.1M,-,-
724,Marvin Fojas,@marvsfojas,8.1M,-,-
725,Julia Olympio,@juliaolympio,8.1M,Togo, Entertainment and Music
726,John-Marc van Wyk,@johnmarcvanwyk3,8.1M,-,-
727,Donnalyn,@donnalyn,8.1M,-,Entertainment and Music
728,sptrakori_,@sptrakori_,8.1M,-,-
729,Marii Centeno,@mariicentenoooo,8.1M,-,-
730,Jeipy,@j3ipy_,8.1M,Brazil, Education
731,Ольга Бузова,@buzova86,8.1M,Russia, Entertainment and Music
732,🌈Soy Maryorit🌈,@soymaryorit,8.1M,-,Entertainment and Music
733,Clarissa,@clarissachristiyan,8.1M,-,-
734,Kagiris Twins,@kagiristwins,8.1M,-,family
735,Queen Daro,@thequeendaro,8.1M,United Kingdom, Beauty and Self Care
736,That French Guy,@davidyrodriguez,8M,France,
737,Tibo InShape,@tiboinshape,8M,France, Fitness and Health
738,PANDA,@pandaaventurerotiktok,8M,-,Entertainment and Music
739,Kaung Min Khant,@mgkhant413,8M,-,-
740,Ashley Elliott,@ash.e.e,8M,-,-
741,munchie.michelle,@munchie.michelle,8M,-,-
742,Drew Afualo,@drewafualo,8M,-,Entertainment and Music
743,MrBallen,@mrballen,8M,-,-
744,Único Sobreviviente,@unicosobreviviente,8M,-,Entertainment and Music
745,EdW!!Nn🦇,@edw1n_98,8M,Indonesia, Entertainment and Music
746,Wisdom Kaye,@wisdm8,8M,-,-
747,Andre Swilley,@andreswilley,8M,-,-
748,Evelyn Rangel,@evelyn_rangeel,8M,-,-
749,Gage wilson,@gageslife,8M,-,-
750,Giovanni silva,@giovannidasrimass,8M,-,-
751,ḦỆŃŔÏQÜỆ ĿÏṂÄ,@ricklimatv,8M,-,-
752,mada e bica,@madaebica,8M,-,Entertainment and Music
753,AlinaandKristinaa,@alinaandkristinaa,8M,-,Fashion and Accessories
754,Cande Copello,@cande.copello,8M,Argentina, Animation and Cosplay
755,youungeer,@youungeer,8M,-,-
756,เอิร์นไดเม่🌷✨,@eoirn_eoirn,8M,-,
757,Polo Guerrero,@pologuerrero.med,8M,-,Education
758,Willian,@wlguimaraess,7.9M,-,Fashion and Accessories
759,Es schmeckt großartig7,@lecker77,7.9M,-,-
760,KILIQUINHA,@kiliquinha,7.9M,-,Education
761,noah,@noahschnacky,7.9M,-,Entertainment and Music
762,просто сережа🛹,@serezha.omg,7.9M,-,-
763,noor,@noordabashh,7.9M,-,
764,Los escachaitos,@los_escachaitos,7.9M,-,-
765,SLEV 😈,@slevtaylor,7.9M,-,-
766,Jason Moments,@jasonmoments,7.9M,-,Entertainment and Music
767,Instant Bollywood,@instantbollywood,7.9M,India, Entertainment and Music
768,boxlapse,@boxlapse,7.8M,-,Photography
769,DJHUNTS,@djhuntsofficial,7.8M,-,Entertainment and Music
770,Liverpool FC,@liverpoolfc,7.8M,-,Sports
771,chapi_tosya,@chapi_tosya,7.8M,-,Pets
772,Kaia Lana,@kaialana,7.8M,-,
773,Leonardo Rubens,@leonardo_rubens,7.8M,-,Entertainment and Music
774,YUN,@yun_bao,7.8M,South Korea,Entertainment and Music
775,olivia:),@iamoliviaponton,7.8M,,Sports
776,mapusa🦖,@mapusa,7.8M,,
777,Anastasia,@anastasia_yseeva_17,7.8M,,Entertainment and Music
778,CAMILLE_LA_DANSEUSE,@camille_la_danseuse,7.7M,France,Entertainment and Music
779,Devin Caherly,@devincaherly,7.7M,-,
780,Mark Anastasio,@markanastasio,7.7M,United States,Entertainment and Music
781,Eric Struk,@ericstruk,7.7M,Canada,Entertainment and Music
782,missdouaa1,@missdouaa.officiel,7.7M,,Fashion and Accessories
783,João Ferdnan,@joaoferdnan,7.7M,Brazil,Entertainment and Music
784,pressley,@pressley,7.7M,,Acting and Drama
785,Zach and Pat Valentine,@valentinebrothers,7.7M,,Entertainment and Music
786,Betch,@betch,7.7M,-,
787,Steff,@steff_happy,7.7M,Russia,
788,Lera_izumrud,@lera_izumrud,7.7M,-,
789,Кукояки,@panarinkaa,7.7M,,Sports
790,nabela,@nabela,7.7M,,Beauty and Self Care
791,Choox TV,@edgardumali,7.7M,Mexico,Fashion and Accessories
792,AshleyTisdale,@ashleytisdale,7.7M,,
793,Matheus e Vitoria,@matheusevitoriaofc,7.7M,,Entertainment and Music
794,Valenrewah,@valenrewah,7.7M,Indonesia,
795,VENNYALBERTI,@vennyalberti165,7.7M,-,
796,lilmark,@lilmark_m256,7.7M,-,
797,Jacquesvanier,@jacquesvanier,7.7M,,Entertainment and Music
798,Badabun,@badabun,7.6M,,Entertainment and Music
799,신동호SHINDONGHO,@shindongho_kr,7.6M,-,
800,Josh Peck,@joshpeck,7.6M,United States,
774,YUN,@yun_bao,7.8M,South Korea,Entertainment and Music
775,olivia:),@iamoliviaponton,7.8M,-,Sports
776,mapusa🦖,@mapusa,7.8M,Colombia,-
777,Anastasia,@anastasia_yseeva_17,7.8M,-,Entertainment and Music
778,CAMILLE_LA_DANSEUSE,@camille_la_danseuse,7.7M,France,Entertainment and Music
779,Devin Caherly,@devincaherly,7.7M,-,-
780,Mark Anastasio,@markanastasio,7.7M,United States,Entertainment and Music
781,Eric Struk,@ericstruk,7.7M,Canada,Entertainment and Music
782,missdouaa1,@missdouaa.officiel,7.7M,-,Fashion and Accessories
783,João Ferdnan,@joaoferdnan,7.7M,Brazil,Entertainment and Music
784,pressley,@pressley,7.7M,-,Entertainment and Music
785,Zach and Pat Valentine,@valentinebrothers,7.7M,-,Entertainment and Music
786,Betch,@betch,7.7M,-,-
787,Steff,@steff_happy,7.7M,Russia,-
788,Lera_izumrud,@lera_izumrud,7.7M,-,-
789,Кукояки,@panarinkaa,7.7M,-,Sports
790,nabela,@nabela,7.7M,,Beauty and Self Care
791,Choox TV,@edgardumali,7.7M,Mexico,Fashion and Accessories
792,AshleyTisdale,@ashleytisdale,7.7M,-,Entertainment and Music
793,Matheus e Vitoria,@matheusevitoriaofc,7.7M,-,Romance and Wedding
794,Valenrewah,@valenrewah,7.7M,Indonesia,-
795,VENNYALBERTI,@vennyalberti165,7.7M,-,-
796,lilmark,@lilmark_m256,7.7M,-,-
797,Jacquesvanier,@jacquesvanier,7.7M,-,Entertainment and Music
798,Badabun,@badabun,7.6M,-,Entertainment and Music
799,신동호SHINDONGHO,@shindongho_kr,7.6M,-,-
800,Josh Peck,@joshpeck,7.6M,United States,-
801,Alya BRAGINA,@ale4kafly,7.6M,-,-
802,SBT,@sbt,7.6M,-,Entertainment and Music
803,HSHQ,@hshq,7.6M,,-
804,Savannah Saturn,@trippydraws,7.6M,-,Arts and Crafts
805,X I M E P O N C H ◡̈,@ximeponch,7.6M,Mexico,Fashion and Accessories
806,Michelle Kennelly,@kennelly_michelle,7.6M,United States,Fashion and Accessories
807,Xzit_Thamer,@xzit_thamer,7.6M,-,Games
808,Gui Tank,@guilhermetank,7.6M,-,Entertainment and Music
809,Uğur Yaman,@uuryaman,7.6M,-,Entertainment and Music
810,TACHAYA,@kengtachaya,7.6M,Thailand,-
811,jcamilopulgarin,@jcamilopulgarin,7.5M,Colombia,Funny
812,Rico Animations,@ricoanimations0,7.5M,Uganda,Animation and Cosplay
813,LISA,@lkbphotography_,7.5M,-,-
814,Brandon Conner,@brandonspam_,7.5M,United States,-
815,Ale Galvan,@alegalvanv,7.5M,-,-
816,Jojo Todynho,@jojotodynho,7.5M,Brazil,-
817,Mason Adams (Glasco),@maseplace,7.5M,United States,Travel
818,Gehad hassan👸🏻,@gehadhassann,7.5M,Egypt,-
819,Sera,@sera,7.5M,-,Entertainment and Music
820,Manuel Alejandro Nuñez,@manuelconecta,7.5M,-,-
821,SWAGGY WOLFDOG ™️💰,@swagrman,7.5M,United States,-
822,Гусейн Гасанов,@guseingasanov,7.5M,Azerbaijan,Entertainment and Music
823,Sarahh Miladd💜,@sarahhmiladd,7.5M,-,-
824,exi sosa 👑,@exi_sosa,7.5M,Mexico,Acting and Drama
825,Patty,@leanbeefpatty,7.4M,-,Beauty and Self Care
826,Visit,@visit,7.4M,-,Travel
827,mujtaba Lakhani,@mujtabalakhani123,7.4M,-,-
828,Lynda Parra,@lyndaparra,7.4M,,-
829,Grandpa,@sawardega,7.4M,-,family
830,fahiramira,@fahiramira,7.4M,-,-
831,ElRufas,@elrufas,7.4M,Mexico,-
832,Mike from Chameleon Theatre,@mikethechameleon,7.4M,Spain,Education
833,choctiv,@choctiv,7.4M,Nigeria,Entertainment and Music
834,Lola y Dana,@lasespabilasofficial,7.4M,-,Funny
835,Tracy Joseph,@tracy.oj,7.4M,United States,Entertainment and Music
836,YoSoyPlex,@yosoyplexx,7.4M,-,-
837,SIEMPRE POSITIVO,@destinopositivo,7.4M,-,-
838,Melee,@elmelee,7.4M,-,-
839,♥️БИСКАС♥️,@wicsur,7.4M,-,-
840,#QualityKing🏳️‍🌈,@enochtrue,7.4M,-,-
841,Roland Pollard,@rolandpollard,7.4M,-,-
842,greyandmama,@greyandmama,7.4M,-,Business and Finance
843,bellekaffer,@bellekaffer,7.4M,-,-
844,CHEFBOYBONEZ,@chefboybonez,7.4M,-,Food
845,Chris Olsen,@chris,7.4M,Philippines,Entertainment and Music
846,@Zaydelie on IG,@zaydelie,7.4M,-,Entertainment and Music
847,Modern Goalkeeping,@moderngoalkeeper,7.4M,-,-
848,Mahalia,@hinataelka,7.3M,-,Animation and Cosplay
849,faulox,@faulox_,7.3M,-,Entertainment and Music
850,✨Lethicia Videira✨,@lehvideira,7.3M,-,Entertainment and Music
851,Chris Hemsworth,@chrishemsworth,7.3M,Australia,-
852,English with Geet,@englishwithgeet,7.3M,-,-
853,EURO,@oieuro,7.3M,-,Entertainment and Music
854,Shumirun Nessa,@therealoverloadcomedy,7.3M,-,Funny
855,Andrea,@andweaso,7.3M,-,Funny
856,Amelie Zilber,@ameliezilber,7.3M,-,-
857,Rui Carlota 🇵🇹,@ruicarlota,7.3M,Portugal,Entertainment and Music
858,Melissa Metrano,@melissametrano,7.3M,-,Entertainment and Music
859,iaaras2,@iaaras2,7.3M,-,Fashion and Accessories
860,GnB,@gnb.official,7.3M,-,family
861,Isabelli Brunelli,@isabrunellii,7.3M,-,-
862,Dita dina dini,@dddkembar,7.3M,-,-
863,Bie The Ska,@bietheska,7.3M,Thailand,-
864,Kendall K,@kendallvertes,7.3M,-,Fashion and Accessories
865,CAROLINA GUERRERO,@carolatv_,7.3M,United States,-
866,daz_black,@daz_black,7.3M,-,Entertainment and Music
867,Mr.Virgo...❣️,@mr.virgo3501,7.3M,Vietnam,Product Showcase
868,Jess Bonfioli,@jess.bonfioli,7.3M,-,Entertainment and Music
869,Ryan Tañada,@iamryantanada,7.3M,-,Games
870,Theo Landji,@theo_landji,7.3M,-,-
871,Allan Jeon,@allan_jeon,7.2M,-,-
872,𝐒𝐡𝐚𝐧𝐚🍁☕️🎧,@theshanaofficial,7.2M,-,Music
873,Mr.ᵇᵃᵗᵗᵉʳʸ®™🔥,@mr_battery,7.2M,-,-
874,soyeddieschobert🔥,@soyeddieschobert6,7.2M,-,Entertainment and Music
875,blesiv,@blesiv,7.2M,-,Romance and Wedding
876,Eydin,@ey.dinn,7.2M,-,-
877,Merayad,@merayad_,7.2M,-,-
878,Smile Bam,@smile_bam,7.2M,-,Beauty and Self Care
879,Mirela Janis,@mirelajanis,7.2M,-,Entertainment and Music
880,iko 🌻,@ikoyunichi,7.2M,-,Product Showcase
881,Eko Saputra,@ekosaputra20,7.2M,-,-
882,دعم حسابات الكابتن ميوز ( 7M ),@myuz_gaza1,7.2M,-,-
883,Asher Angel,@asherangel,7.2M,United States,Acting and Drama
884,Los ADN,@losadnmx,7.2M,Mexico,-
885,prilly latuconsina,@prillylatuconsina15,7.2M,Indonesia,Entertainment and Music
886,Sofia Brano,@sofiabrano,7.2M,Colombia,Entertainment and Music
887,Anthony x Ana,@antxana,7.2M,-,-
888,Humorista Talokudo,@talokudo,7.2M,Brazil,Funny
889,Shay Mitchell,@shaymitchell,7.2M,Canada,-
890,jonmosslol,@thejonathanmoss,7.2M,-,Entertainment and Music
891,R A M E N - K I N G,@ramenkingivan,7.1M,-,Food
892,Samahi,@ftwinzgottalent,7.1M,-,Entertainment and Music
893,🍪,@junktramp,7.1M,-,-
894,BETO,@beto.locuras,7.1M,Mexico,-
895,MAk LEAK single😍,@leakdrama,7.1M,Cambodia,-
896,Mark Tilbury - YouTuber & CEO,@marktilbury,7.1M,-,Business and Finance
897,Foodraiders,@food_raiders,7.1M,-,Food and Drink
898,DIEGO CADENA,@diegocadena,7.1M,Colombia,family
899,mannix carancho official,@mannixcaranchoofficial,7.1M,-,Product Showcase
900,Ashley Matheson🎰,@smashedely,7.1M,-,Beauty and Self Care
901,Satisfying Lips 💋,@satisfying..x..lips,7.1M,United States,Food
902,Nourmagic,@nour.magic,7.1M,-,Entertainment and Music
903,Howieazy,@howieazy,7.1M,-,Entertainment and Music
904,Даша Боровик,@borovikdashaa,7.1M,Russia,Entertainment and Music
905,Kau,@kauanahofem,7.1M,-,-
906,Julio López,@juliolopezjl,7.1M,-,Music
907,doggface208,@420doggface208,7.1M,-,Entertainment and Music
908,Andrade❤️🎬,@moreeandrade,7.1M,Argentina,Acting and Drama
909,SUGAR & SPICE✨,@sugarandspice,7.1M,-,-
910,Asad ali |🇵🇰,@asadaliofficiall,7.1M,Pakistan,-
911,ゆーり🍎🐥(21)yuri,@0906yu_rin,7.1M,,Education
912,Finn 🔥,@finnsreality,7.1M,Australia,Entertainment and Music
913,Jesua Cunnigham 👑,@jesuacunnigham,7.1M,-,-
914,karen💗,@xkarentorresx,7.1M,-,Fashion and Accessories
915,Fairy Fajardo Kida,@fairyfajardokidaaa,7.1M,-,Fashion and Accessories
916,Katy Perry,@katyperry,7.1M,United States,Entertainment and Music
917,Roshan Jeet,@roshannnn1,7M,-,-
918,OZKAR,@ozkar___,7M,Mexico,Education
919,Олег💏Карина,@okanutie,7M,-,-
920,Liam Silk,@liamsilk,7M,-,Entertainment and Music
921,tate mcrae,@tatemcrae,7M,-,Entertainment and Music
922,Chinpals,@chinpals,7M,-,Pets
923,user90864926797,@jennypopach,7M,-,Fashion and Accessories
924,Michou,@michou_yt,7M,-,-
925,КОБЯКОВ,@kobyakov_vlad,7M,-,-
926,Kavya Yadav,@bindasskavyaa_,7M,-,Entertainment and Music
927,Andrea & Lewis,@andreaandlewis,7M,Puerto Rico,Travel
928,B,@br4dsito,7M,-,-
929,ASAD RAY,@asadrayofficial,7M,-,-
930,Eva Gutowski,@mylifeaseva,7M,United States,Entertainment and Music
931,amelia.,@ameliagething,7M,-,-
932,rezende,@rezende,7M,-,-
933,GisellaAnastasia,@gisel_laaa,7M,,Pets
934,Bryan SKabeche,@bryan_skabeche,7M,-,Entertainment and Music
935,William 😄,@theewilliam45,7M,,Life and Society
936,Buddy Valastro,@buddyvalastro,7M,United States,Food
937,Kali Muscle,@thekalimuscle,6.9M,United States,-
938,Ahmed Helmy,@ahmedhelmy,6.9M,Egypt,Entertainment and Music
939,• Paloma Souza •,@palomasouza.s,6.9M,-,Entertainment and Music
940,Maria Becerra,@mariabecerra_22,6.9M,,Music
941,🌸💗aba 💗🎀,@itsjuztaba,6.9M,-,Entertainment and Music
942,Krys & Kareem,@krysandkareem,6.9M,-,-
943,Luke,@marvin4eva33,6.9M,-,-
944,Haymakers,@haymakers,6.9M,,Sports
945,Thiago Ventura,@othiagoventura,6.9M,Brazil,Entertainment and Music
946,Garena Free Fire VN,@freefirevnofficial,6.9M,Vietnam,Games
947,guava,@guavajuice,6.9M,-,-
948,Enbiggen,@enbiggen,6.9M,-,-
949,Autumn Monique,@itsautumntiktok,6.9M,-,Entertainment and Music
950,นนท์ เอซี,@arnon605ac,6.9M,Thailand,Entertainment and Music
951,AURA Dyah,@dyaahh19,6.9M,-,-
952,Inul Daratista,@inul.daratista,6.9M,-,-
953,NATA LIKES💜,@natalikes,6.9M,,Beauty and Self Care
954,Gustavo Tubarão,@gustavotubarao,6.9M,-,-
955,Anne �,@annnexmp,6.9M,,Romance and Wedding
956,The Late Late Show,@latelateshow,6.9M,-,Entertainment and Music
957,heartlynrae,@heartlynrae,6.9M,United States,-
958,hahadetka,@hahadetka,6.9M,Russia,Entertainment and Music
959,felipesaruma,@sarumaoficial,6.9M,-,-
960,เบิ้ล ปทุมราช,@ble_patumrach,6.9M,-,-
961,Макс и Катя Филаретовы,@filaretiki,6.8M,Russia,Entertainment and Music
962,cyril,@cyrilschr,6.8M,-,-
963,The Stickmen Project,@thestickmenproject,6.8M,-,Entertainment and Music
964,Mateus Pain,@mateuspain,6.8M,Brazil,Entertainment and Music
965,Or Zuti,@orzutiextra,6.8M,Israel,Entertainment and Music
966,Nas Daily,@nasdaily,6.8M,Singapore,Education
967,Leon Leiden,@leonleiden,6.8M,-,-
968,Alberee,@alberee_,6.8M,-,-
969,HAIRSTYLIST,@brylkaproject,6.8M,Singapore,Arts and Crafts
970,Britney Spears,@britneyspears,6.8M,United States,-
971,Luca 💜,@mostlyluca,6.8M,-,-
972,Tatyana and Davon,@tatyanddavon,6.8M,,family
973,Anmolnoor,@anmol_noor1,6.8M,,Fashion and Accessories
974,La Morena,@soylamorena,6.8M,,Romance and Wedding
975,Bruna Gomes,@brunapgo,6.8M,-,-
976,Laura Clery,@lauraclery,6.8M,United States,Entertainment and Music
977,FUNnel Vision,@funnelvision,6.8M,United States,-
978,Таирка Ли,@takatta,6.7M,-,Entertainment and Music
979,Asoo🌸,@asoothesizzler,6.7M,-,Beauty and Self Care
980,bhadbhabie,@bhadbhabie,6.7M,-,Entertainment and Music
981,Aurelia Dobre,@aureliadobre,6.7M,Romania,Sports
982,Josh Otusanya 🇳🇬,@joshotusanya,6.7M,-,Entertainment and Music
983,Red Bull,@redbull,6.7M,,-
984,angel,@angellica2201,6.7M,,-
985,memezar,@memezar,6.7M,,-
986,Kashee’s official,@kashees.official,6.7M,,Fashion and Accessories
987,Snack,@johnnyvalentineee,6.7M,,Food
988,Ebit Lew,@ustazebitlew,6.7M,Malaysia,Finance
989,Stefan Johnson,@s_johnson_voiceovers,6.7M,-,Entertainment and Music
990,Fortnite,@fortnitesections,6.7M,,Games
991,Ryan Shakes,@itsryanshakes,6.7M,,Entertainment and Music
992,Sergio Jurado,@sergiojuradoyt,6.7M,-,-
993,Alexyoumazzo,@alexyoumazzo,6.7M,-,Entertainment and Music
994,yaszou,@yaszou,6.7M,Brazil,Fashion and Accessories
995,Bryce McKenzie,@brycemckenzie,6.7M,-,-
996,Omar Chaparro,@omarchaparrooficial,6.7M,Mexico,Acting and Drama
997,Dababy,@dababy,6.7M,-,-
998,J Tade,@tadevlogs,6.7M,-,Entertainment and Music
999,Sid Mr. Rapper🔥,@sidmr.rapper4,6.6M,-,Entertainment and Music
1000,Kate Brush,@katebrush,6.6M,-,-
